method,dataset,split_id,repeat_id,seed,success,notes,dataset_root,split_file,num_nodes,num_edges,num_classes,train_count,val_count,test_count,graph_symmetrized,self_loops_added,features_normalized_for_propagation,graph_treated_as_undirected,tuning_runtime_sec,method_runtime_sec,total_runtime_sec,parameter_source,parameter_tuning_target_method,tuned_separately_for_this_method,is_distinct_method_variant,parent_method,val_acc,test_acc,mlp_hidden,mlp_layers,mlp_dropout,mlp_lr,mlp_weight_decay,mlp_epochs,a_values,selected_threshold_high,selected_weights,fraction_test_nodes_uncertain,fraction_test_nodes_changed_from_mlp,acc_test_confident_nodes,acc_test_uncertain_nodes,feature_knn_used,feature_knn_k,avg_runtime_overhead_over_mlp_sec,diagnostics_path
mlp_only,actor,0,0,133700,True,,data/,/workspace/data/geom-gcn-splits-broad/film_split_0.6_0.2_0.npz,7600,53411,5,3648,2432,1520,True,False,True,True,1.9588095150247682,0.00013867099187336862,1.9589481860166416,mlp_only_self_tuned,mlp_only,True,True,,0.34457236528396606,0.35789474844932556,64,2,0.5,0.01,0.0005,200,,,,,,,,,,,
prop_only,actor,0,0,133700,True,,data/,/workspace/data/geom-gcn-splits-broad/film_split_0.6_0.2_0.npz,7600,53411,5,3648,2432,1520,True,False,True,True,77.69201780401636,0.8892131879983936,78.58123099201475,tuned_on_predictclass_then_reused,predictclass,True,True,,0.35074013157894735,0.33223684210526316,,,,,,,"[0.3778505412531483, -0.04699503054106419, 0.47823991672676963, 0.0786627504217135, 0.10082297609541563, 0.039234719879681614, 0.5824943526743889, 0.8491898198705831]",,,,,,,,,,
selective_graph_correction,actor,0,0,133700,True,,data/,/workspace/data/geom-gcn-splits-broad/film_split_0.6_0.2_0.npz,7600,53411,5,3648,2432,1520,True,False,True,True,0.007752245990559459,0.32372365696937777,0.33147590295993723,validation_selected_threshold_and_weights,selective_graph_correction,True,True,mlp_only,0.34292763157894735,0.35986842105263156,,,,,,,,0.05,"{'b1': 1.0, 'b2': 0.6, 'b3': 0.0, 'b4': 0.5, 'b5': 0.3}",0.09736842105263158,0.026973684210526316,0.36588921282798836,0.30405405405405406,False,5,0.33147590295993723,logs/actor_selective_graph_correction_split0_rep0.json
mlp_only,actor,0,1,133701,True,,data/,/workspace/data/geom-gcn-splits-broad/film_split_0.6_0.2_0.npz,7600,53411,5,3648,2432,1520,True,False,True,True,1.932086729008006,0.00015559402527287602,1.9322423230332788,mlp_only_self_tuned,mlp_only,True,True,,0.34210526943206787,0.3572368323802948,64,2,0.5,0.01,0.0005,200,,,,,,,,,,,
prop_only,actor,0,1,133701,True,,data/,/workspace/data/geom-gcn-splits-broad/film_split_0.6_0.2_0.npz,7600,53411,5,3648,2432,1520,True,False,True,True,72.06051201900118,0.819593491993146,72.88010551099433,tuned_on_predictclass_then_reused,predictclass,True,True,,0.3338815789473684,0.31973684210526315,,,,,,,"[0.28904605873526307, -0.22209971959043895, 0.4498336003829757, 0.04116431925793129, 0.1146250440437322, 0.04794195328627369, 0.5609361233574441, 0.7654466151066338]",,,,,,,,,,
selective_graph_correction,actor,0,1,133701,True,,data/,/workspace/data/geom-gcn-splits-broad/film_split_0.6_0.2_0.npz,7600,53411,5,3648,2432,1520,True,False,True,True,0.006563995004398748,0.30754713900387287,0.3141111340082716,validation_selected_threshold_and_weights,selective_graph_correction,True,True,mlp_only,0.3449835526315789,0.3605263157894737,,,,,,,,0.1,"{'b1': 1.0, 'b2': 0.9, 'b3': 0.0, 'b4': 0.3, 'b5': 0.2}",0.14868421052631578,0.02236842105263158,0.37094281298299847,0.3008849557522124,False,5,0.3141111340082716,logs/actor_selective_graph_correction_split0_rep1.json
mlp_only,actor,0,2,133702,True,,data/,/workspace/data/geom-gcn-splits-broad/film_split_0.6_0.2_0.npz,7600,53411,5,3648,2432,1520,True,False,True,True,1.9177316009881906,0.0001795330026652664,1.9179111339908559,mlp_only_self_tuned,mlp_only,True,True,,0.34580591320991516,0.3499999940395355,64,2,0.5,0.01,0.0005,200,,,,,,,,,,,
prop_only,actor,0,2,133702,True,,data/,/workspace/data/geom-gcn-splits-broad/film_split_0.6_0.2_0.npz,7600,53411,5,3648,2432,1520,True,False,True,True,70.80632072800654,0.8075820359808858,71.61390276398743,tuned_on_predictclass_then_reused,predictclass,True,True,,0.35773026315789475,0.35855263157894735,,,,,,,"[0.23148577873275122, 0.0058520178178606, 0.4337776022837053, 0.024045199983951604, 0.093527305776903, 0.08143008337842066, 0.556419479529481, 1.0802179471204671]",,,,,,,,,,
selective_graph_correction,actor,0,2,133702,True,,data/,/workspace/data/geom-gcn-splits-broad/film_split_0.6_0.2_0.npz,7600,53411,5,3648,2432,1520,True,False,True,True,0.006424168008379638,0.3986463070032187,0.4050704750115983,validation_selected_threshold_and_weights,selective_graph_correction,True,True,mlp_only,0.3458059210526316,0.34868421052631576,,,,,,,,0.05,"{'b1': 1.2, 'b2': 0.5, 'b3': 0.0, 'b4': 0.4, 'b5': 0.2}",0.07828947368421052,0.020394736842105264,0.35831548893647397,0.23529411764705882,False,5,0.4050704750115983,logs/actor_selective_graph_correction_split0_rep2.json
mlp_only,actor,1,0,133800,True,,data/,/workspace/data/geom-gcn-splits-broad/film_split_0.6_0.2_1.npz,7600,53411,5,3648,2432,1520,True,False,True,True,1.898724686994683,0.00012103200424462557,1.8988457189989276,mlp_only_self_tuned,mlp_only,True,True,,0.35320723056793213,0.33552631735801697,64,2,0.5,0.01,0.0005,200,,,,,,,,,,,
prop_only,actor,1,0,133800,True,,data/,/workspace/data/geom-gcn-splits-broad/film_split_0.6_0.2_1.npz,7600,53411,5,3648,2432,1520,True,False,True,True,71.43896066199522,0.8074141329852864,72.24637479498051,tuned_on_predictclass_then_reused,predictclass,True,True,,0.31537828947368424,0.31842105263157894,,,,,,,"[0.16916764547249014, -0.20850738538194064, 0.48903084026965377, 0.016149014029437414, 0.11907340566415539, 0.008258437054895063, 0.4241607780926136, 0.6965218322559834]",,,,,,,,,,
selective_graph_correction,actor,1,0,133800,True,,data/,/workspace/data/geom-gcn-splits-broad/film_split_0.6_0.2_1.npz,7600,53411,5,3648,2432,1520,True,False,True,True,0.006426453997846693,0.3035410240117926,0.3099674780096393,validation_selected_threshold_and_weights,selective_graph_correction,True,True,mlp_only,0.35567434210526316,0.3361842105263158,,,,,,,,0.05,"{'b1': 1.0, 'b2': 0.9, 'b3': 0.0, 'b4': 0.3, 'b5': 0.2}",0.05986842105263158,0.011842105263157895,0.34079776067179846,0.26373626373626374,False,5,0.3099674780096393,logs/actor_selective_graph_correction_split1_rep0.json
mlp_only,actor,1,1,133801,True,,data/,/workspace/data/geom-gcn-splits-broad/film_split_0.6_0.2_1.npz,7600,53411,5,3648,2432,1520,True,False,True,True,1.8936705999949481,0.00015718201757408679,1.8938277820125222,mlp_only_self_tuned,mlp_only,True,True,,0.3478618562221527,0.3460526168346405,64,2,0.5,0.01,0.0005,200,,,,,,,,,,,
prop_only,actor,1,1,133801,True,,data/,/workspace/data/geom-gcn-splits-broad/film_split_0.6_0.2_1.npz,7600,53411,5,3648,2432,1520,True,False,True,True,73.11717836902244,0.8529436789976899,73.97012204802013,tuned_on_predictclass_then_reused,predictclass,True,True,,0.3145559210526316,0.30986842105263157,,,,,,,"[0.38314091981449155, -0.09042163623210958, 0.31881767166635927, 0.02362308720033829, 0.021391682498818808, 0.05159583841175319, 0.8249752683436757, 0.9313824918851833]",,,,,,,,,,
selective_graph_correction,actor,1,1,133801,True,,data/,/workspace/data/geom-gcn-splits-broad/film_split_0.6_0.2_1.npz,7600,53411,5,3648,2432,1520,True,False,True,True,0.00690999097423628,0.4045513619785197,0.411461352952756,validation_selected_threshold_and_weights,selective_graph_correction,True,True,mlp_only,0.34786184210526316,0.3473684210526316,,,,,,,,0.1,"{'b1': 1.0, 'b2': 0.9, 'b3': 0.0, 'b4': 0.3, 'b5': 0.2}",0.1394736842105263,0.021052631578947368,0.35856269113149847,0.2783018867924528,False,5,0.411461352952756,logs/actor_selective_graph_correction_split1_rep1.json
mlp_only,actor,1,2,133802,True,,data/,/workspace/data/geom-gcn-splits-broad/film_split_0.6_0.2_1.npz,7600,53411,5,3648,2432,1520,True,False,True,True,1.9375775289954618,0.00015531000099144876,1.9377328389964532,mlp_only_self_tuned,mlp_only,True,True,,0.35361841320991516,0.33157894015312195,64,2,0.5,0.01,0.0005,200,,,,,,,,,,,
prop_only,actor,1,2,133802,True,,data/,/workspace/data/geom-gcn-splits-broad/film_split_0.6_0.2_1.npz,7600,53411,5,3648,2432,1520,True,False,True,True,73.9723426210112,0.8431068339850754,74.81544945499627,tuned_on_predictclass_then_reused,predictclass,True,True,,0.3384046052631579,0.31973684210526315,,,,,,,"[0.33901536506958774, -0.03987767029251921, 0.3605105940717683, 0.027242060353078246, 0.07775830831341678, 0.05683288140638707, 0.5349132613589156, 0.6070590861193786]",,,,,,,,,,
selective_graph_correction,actor,1,2,133802,True,,data/,/workspace/data/geom-gcn-splits-broad/film_split_0.6_0.2_1.npz,7600,53411,5,3648,2432,1520,True,False,True,True,0.006435367016820237,0.31228220197954215,0.3187175689963624,validation_selected_threshold_and_weights,selective_graph_correction,True,True,mlp_only,0.35444078947368424,0.3335526315789474,,,,,,,,0.15,"{'b1': 1.2, 'b2': 0.5, 'b3': 0.0, 'b4': 0.4, 'b5': 0.2}",0.17763157894736842,0.020394736842105264,0.3528,0.24444444444444444,False,5,0.3187175689963624,logs/actor_selective_graph_correction_split1_rep2.json
mlp_only,actor,2,0,133900,True,,data/,/workspace/data/geom-gcn-splits-broad/film_split_0.6_0.2_2.npz,7600,53411,5,3648,2432,1520,True,False,True,True,1.9027583569986746,0.00013144899276085198,1.9028898059914354,mlp_only_self_tuned,mlp_only,True,True,,0.3305920958518982,0.32960525155067444,64,2,0.5,0.01,0.0005,200,,,,,,,,,,,
prop_only,actor,2,0,133900,True,,data/,/workspace/data/geom-gcn-splits-broad/film_split_0.6_0.2_2.npz,7600,53411,5,3648,2432,1520,True,False,True,True,69.79027196401148,0.8386566739936825,70.62892863800516,tuned_on_predictclass_then_reused,predictclass,True,True,,0.32113486842105265,0.325,,,,,,,"[0.2387824117422752, -0.1610064636711689, 0.4435946223456093, 0.03920518238816367, 0.11153390924081566, 0.03542176454580263, 0.5791362846756842, 0.8268132786159433]",,,,,,,,,,
selective_graph_correction,actor,2,0,133900,True,,data/,/workspace/data/geom-gcn-splits-broad/film_split_0.6_0.2_2.npz,7600,53411,5,3648,2432,1520,True,False,True,True,0.006599529006052762,0.3996026070090011,0.40620213601505384,validation_selected_threshold_and_weights,selective_graph_correction,True,True,mlp_only,0.33429276315789475,0.33223684210526316,,,,,,,,0.1,"{'b1': 1.0, 'b2': 0.9, 'b3': 0.0, 'b4': 0.3, 'b5': 0.2}",0.1881578947368421,0.017763157894736842,0.34440842787682335,0.27972027972027974,False,5,0.40620213601505384,logs/actor_selective_graph_correction_split2_rep0.json
mlp_only,actor,2,1,133901,True,,data/,/workspace/data/geom-gcn-splits-broad/film_split_0.6_0.2_2.npz,7600,53411,5,3648,2432,1520,True,False,True,True,1.942791022011079,0.0001458080078009516,1.9429368300188798,mlp_only_self_tuned,mlp_only,True,True,,0.3408717215061188,0.32894736528396606,64,2,0.5,0.01,0.0005,200,,,,,,,,,,,
prop_only,actor,2,1,133901,True,,data/,/workspace/data/geom-gcn-splits-broad/film_split_0.6_0.2_2.npz,7600,53411,5,3648,2432,1520,True,False,True,True,80.28505676798522,0.9383934889920056,81.22345025697723,tuned_on_predictclass_then_reused,predictclass,True,True,,0.29769736842105265,0.29539473684210527,,,,,,,"[0.48694802104174423, -0.3381561207709592, 0.3704582107397698, 0.003295775023928027, 0.06872777714742286, 0.012504830978760696, 0.45898939569981867, 0.7098515250688326]",,,,,,,,,,
selective_graph_correction,actor,2,1,133901,True,,data/,/workspace/data/geom-gcn-splits-broad/film_split_0.6_0.2_2.npz,7600,53411,5,3648,2432,1520,True,False,True,True,0.007556083990493789,0.33943957701558247,0.34699566100607626,validation_selected_threshold_and_weights,selective_graph_correction,True,True,mlp_only,0.3458059210526316,0.33223684210526316,,,,,,,,0.2,"{'b1': 1.0, 'b2': 0.4, 'b3': 0.0, 'b4': 0.9, 'b5': 0.5}",0.24736842105263157,0.06513157894736842,0.3548951048951049,0.2632978723404255,False,5,0.34699566100607626,logs/actor_selective_graph_correction_split2_rep1.json
mlp_only,actor,2,2,133902,True,,data/,/workspace/data/geom-gcn-splits-broad/film_split_0.6_0.2_2.npz,7600,53411,5,3648,2432,1520,True,False,True,True,2.0791951720020734,0.0002824780240189284,2.0794776500260923,mlp_only_self_tuned,mlp_only,True,True,,0.3322368562221527,0.34078946709632874,64,2,0.5,0.01,0.0005,200,,,,,,,,,,,
prop_only,actor,2,2,133902,True,,data/,/workspace/data/geom-gcn-splits-broad/film_split_0.6_0.2_2.npz,7600,53411,5,3648,2432,1520,True,False,True,True,75.31989078599145,0.8867683400167152,76.20665912600816,tuned_on_predictclass_then_reused,predictclass,True,True,,0.3495065789473684,0.3335526315789474,,,,,,,"[0.3924875314348995, -0.006966241314294241, 0.422215229960003, 0.029171196783791098, 0.01597226688889647, 0.05786209233420987, 0.40650354353196094, 1.2038940610776834]",,,,,,,,,,
selective_graph_correction,actor,2,2,133902,True,,data/,/workspace/data/geom-gcn-splits-broad/film_split_0.6_0.2_2.npz,7600,53411,5,3648,2432,1520,True,False,True,True,0.007346582016907632,0.42406798497540876,0.4314145669923164,validation_selected_threshold_and_weights,selective_graph_correction,True,True,mlp_only,0.3359375,0.34078947368421053,,,,,,,,0.1,"{'b1': 1.0, 'b2': 0.9, 'b3': 0.0, 'b4': 0.3, 'b5': 0.2}",0.16973684210526316,0.02894736842105263,0.3478605388272583,0.3062015503875969,False,5,0.4314145669923164,logs/actor_selective_graph_correction_split2_rep2.json
mlp_only,actor,3,0,134000,True,,data/,/workspace/data/geom-gcn-splits-broad/film_split_0.6_0.2_3.npz,7600,53411,5,3648,2432,1520,True,False,True,True,1.962515416991664,0.0003408930206205696,1.9628563100122847,mlp_only_self_tuned,mlp_only,True,True,,0.3515625,0.34736841917037964,64,2,0.5,0.01,0.0005,200,,,,,,,,,,,
prop_only,actor,3,0,134000,True,,data/,/workspace/data/geom-gcn-splits-broad/film_split_0.6_0.2_3.npz,7600,53411,5,3648,2432,1520,True,False,True,True,77.01736818699283,0.8771348959999159,77.89450308299274,tuned_on_predictclass_then_reused,predictclass,True,True,,0.3334703947368421,0.32894736842105265,,,,,,,"[0.4360538687051148, 0.04229819888735997, 0.3592224576898309, 0.04819509892815643, 0.10611610945418239, 0.04860818127318983, 0.6759153022794584, 1.0513272269511273]",,,,,,,,,,
selective_graph_correction,actor,3,0,134000,True,,data/,/workspace/data/geom-gcn-splits-broad/film_split_0.6_0.2_3.npz,7600,53411,5,3648,2432,1520,True,False,True,True,0.007723212009295821,0.3238296449999325,0.3315528570092283,validation_selected_threshold_and_weights,selective_graph_correction,True,True,mlp_only,0.35855263157894735,0.34342105263157896,,,,,,,,0.298414,"{'b1': 1.0, 'b2': 0.4, 'b3': 0.0, 'b4': 0.9, 'b5': 0.5}",0.30328947368421055,0.05131578947368421,0.37110481586402266,0.279826464208243,False,5,0.3315528570092283,logs/actor_selective_graph_correction_split3_rep0.json
mlp_only,actor,3,1,134001,True,,data/,/workspace/data/geom-gcn-splits-broad/film_split_0.6_0.2_3.npz,7600,53411,5,3648,2432,1520,True,False,True,True,1.9423843659751583,0.00021760500385425985,1.9426019709790125,mlp_only_self_tuned,mlp_only,True,True,,0.3564967215061188,0.34210526943206787,64,2,0.5,0.01,0.0005,200,,,,,,,,,,,
prop_only,actor,3,1,134001,True,,data/,/workspace/data/geom-gcn-splits-broad/film_split_0.6_0.2_3.npz,7600,53411,5,3648,2432,1520,True,False,True,True,76.21330841898452,0.868836844980251,77.08214526396478,tuned_on_predictclass_then_reused,predictclass,True,True,,0.3248355263157895,0.2967105263157895,,,,,,,"[0.23945454113482134, -0.16689340382010404, 0.3537476800968372, 0.028569259675726544, 0.16074081222684547, 0.07330978879518803, 0.7254544572375506, 0.6583713590101365]",,,,,,,,,,
selective_graph_correction,actor,3,1,134001,True,,data/,/workspace/data/geom-gcn-splits-broad/film_split_0.6_0.2_3.npz,7600,53411,5,3648,2432,1520,True,False,True,True,0.006999567995080724,0.4119443809904624,0.4189439489855431,validation_selected_threshold_and_weights,selective_graph_correction,True,True,mlp_only,0.3597861842105263,0.34078947368421053,,,,,,,,0.05,"{'b1': 1.0, 'b2': 0.9, 'b3': 0.0, 'b4': 0.3, 'b5': 0.2}",0.08947368421052632,0.02631578947368421,0.3453757225433526,0.29411764705882354,False,5,0.4189439489855431,logs/actor_selective_graph_correction_split3_rep1.json
mlp_only,actor,3,2,134002,True,,data/,/workspace/data/geom-gcn-splits-broad/film_split_0.6_0.2_3.npz,7600,53411,5,3648,2432,1520,True,False,True,True,1.9086182360188104,0.00028491500415839255,1.9089031510229688,mlp_only_self_tuned,mlp_only,True,True,,0.359375,0.3276315927505493,64,2,0.5,0.01,0.0005,200,,,,,,,,,,,
prop_only,actor,3,2,134002,True,,data/,/workspace/data/geom-gcn-splits-broad/film_split_0.6_0.2_3.npz,7600,53411,5,3648,2432,1520,True,False,True,True,75.00086460501188,0.8642221709887963,75.86508677600068,tuned_on_predictclass_then_reused,predictclass,True,True,,0.3392269736842105,0.3480263157894737,,,,,,,"[0.3770656974851676, 0.06484535000321268, 0.45057182008781127, 0.007241182421480807, 0.010867093410530425, 0.0710655597463357, 0.4300099310471019, 0.567591546948291]",,,,,,,,,,
selective_graph_correction,actor,3,2,134002,True,,data/,/workspace/data/geom-gcn-splits-broad/film_split_0.6_0.2_3.npz,7600,53411,5,3648,2432,1520,True,False,True,True,0.007001129997661337,0.3189923409954645,0.3259934709931258,validation_selected_threshold_and_weights,selective_graph_correction,True,True,mlp_only,0.36019736842105265,0.33157894736842103,,,,,,,,0.448562,"{'b1': 1.0, 'b2': 0.4, 'b3': 0.0, 'b4': 0.9, 'b5': 0.5}",0.40328947368421053,0.07302631578947369,0.38257993384785005,0.2561174551386623,False,5,0.3259934709931258,logs/actor_selective_graph_correction_split3_rep2.json
mlp_only,actor,4,0,134100,True,,data/,/workspace/data/geom-gcn-splits-broad/film_split_0.6_0.2_4.npz,7600,53411,5,3648,2432,1520,True,False,True,True,1.9375499050074723,0.00019094999879598618,1.9377408550062682,mlp_only_self_tuned,mlp_only,True,True,,0.3396381437778473,0.34736841917037964,64,2,0.5,0.01,0.0005,200,,,,,,,,,,,
prop_only,actor,4,0,134100,True,,data/,/workspace/data/geom-gcn-splits-broad/film_split_0.6_0.2_4.npz,7600,53411,5,3648,2432,1520,True,False,True,True,75.33251666900469,0.9676403410267085,76.3001570100314,tuned_on_predictclass_then_reused,predictclass,True,True,,0.33511513157894735,0.3105263157894737,,,,,,,"[0.06206462266936397, -0.06482278600781072, 0.23996599094100157, 0.0016795704428154146, 0.2838710063047968, 0.010886675655585388, 0.8915698071037887, 0.5901835204027527]",,,,,,,,,,
selective_graph_correction,actor,4,0,134100,True,,data/,/workspace/data/geom-gcn-splits-broad/film_split_0.6_0.2_4.npz,7600,53411,5,3648,2432,1520,True,False,True,True,0.007139685010770336,0.4392231170204468,0.44636280203121714,validation_selected_threshold_and_weights,selective_graph_correction,True,True,mlp_only,0.3416940789473684,0.3473684210526316,,,,,,,,0.05,"{'b1': 1.0, 'b2': 0.6, 'b3': 0.0, 'b4': 0.5, 'b5': 0.3}",0.09407894736842105,0.02368421052631579,0.3609295570079884,0.21678321678321677,False,5,0.44636280203121714,logs/actor_selective_graph_correction_split4_rep0.json
mlp_only,actor,4,1,134101,True,,data/,/workspace/data/geom-gcn-splits-broad/film_split_0.6_0.2_4.npz,7600,53411,5,3648,2432,1520,True,False,True,True,2.0460833240067586,0.00012873898958787322,2.0462120629963465,mlp_only_self_tuned,mlp_only,True,True,,0.34991776943206787,0.3440789580345154,64,2,0.5,0.01,0.0005,200,,,,,,,,,,,
prop_only,actor,4,1,134101,True,,data/,/workspace/data/geom-gcn-splits-broad/film_split_0.6_0.2_4.npz,7600,53411,5,3648,2432,1520,True,False,True,True,79.72575436602347,0.8923623829905409,80.618116749014,tuned_on_predictclass_then_reused,predictclass,True,True,,0.32524671052631576,0.30723684210526314,,,,,,,"[0.3522934808020609, 0.007754128256665882, 0.3776688778141309, 0.1936066660547235, 0.12559789284712147, 0.04955355739197155, 0.44082564637203386, 0.5847100294675942]",,,,,,,,,,
selective_graph_correction,actor,4,1,134101,True,,data/,/workspace/data/geom-gcn-splits-broad/film_split_0.6_0.2_4.npz,7600,53411,5,3648,2432,1520,True,False,True,True,0.00777365401154384,0.3353708420181647,0.34314449602970853,validation_selected_threshold_and_weights,selective_graph_correction,True,True,mlp_only,0.3515625,0.3473684210526316,,,,,,,,0.05,"{'b1': 1.0, 'b2': 0.4, 'b3': 0.0, 'b4': 0.9, 'b5': 0.5}",0.0868421052631579,0.039473684210526314,0.3537463976945245,0.2803030303030303,False,5,0.34314449602970853,logs/actor_selective_graph_correction_split4_rep1.json
mlp_only,actor,4,2,134102,True,,data/,/workspace/data/geom-gcn-splits-broad/film_split_0.6_0.2_4.npz,7600,53411,5,3648,2432,1520,True,False,True,True,2.000497925997479,0.00024231700808741152,2.0007402430055663,mlp_only_self_tuned,mlp_only,True,True,,0.34333881735801697,0.34078946709632874,64,2,0.5,0.01,0.0005,200,,,,,,,,,,,
prop_only,actor,4,2,134102,True,,data/,/workspace/data/geom-gcn-splits-broad/film_split_0.6_0.2_4.npz,7600,53411,5,3648,2432,1520,True,False,True,True,83.27009807599825,1.0656627499847673,84.33576082598302,tuned_on_predictclass_then_reused,predictclass,True,True,,0.35074013157894735,0.3263157894736842,,,,,,,"[0.1502326525730398, -0.02370083100746251, 0.4864900979937047, 0.045955368095586924, 0.16959624350819394, 0.0009771063316366348, 0.4456308905063661, 1.2976615003706353]",,,,,,,,,,
selective_graph_correction,actor,4,2,134102,True,,data/,/workspace/data/geom-gcn-splits-broad/film_split_0.6_0.2_4.npz,7600,53411,5,3648,2432,1520,True,False,True,True,0.008679157996084541,0.6699311740230769,0.6786103320191614,validation_selected_threshold_and_weights,selective_graph_correction,True,True,mlp_only,0.34375,0.34210526315789475,,,,,,,,0.1,"{'b1': 1.2, 'b2': 0.5, 'b3': 0.0, 'b4': 0.4, 'b5': 0.2}",0.17039473684210527,0.029605263157894735,0.34892942109436953,0.3088803088803089,False,5,0.6786103320191614,logs/actor_selective_graph_correction_split4_rep2.json
mlp_only,actor,5,0,134200,True,,data/,/workspace/data/geom-gcn-splits-broad/film_split_0.6_0.2_5.npz,7600,53411,5,3648,2432,1520,True,False,True,True,1.9870453320036177,0.0002185339981224388,1.98726386600174,mlp_only_self_tuned,mlp_only,True,True,,0.3503289520740509,0.3440789580345154,64,2,0.5,0.01,0.0005,200,,,,,,,,,,,
prop_only,actor,5,0,134200,True,,data/,/workspace/data/geom-gcn-splits-broad/film_split_0.6_0.2_5.npz,7600,53411,5,3648,2432,1520,True,False,True,True,77.03771944198525,0.9271739699761383,77.96489341196138,tuned_on_predictclass_then_reused,predictclass,True,True,,0.3277138157894737,0.32894736842105265,,,,,,,"[0.1473809567998437, -0.10118386258192247, 0.324218535119813, 0.0171942241093217, 0.19053780860362773, 0.00016307168016798103, 0.5140239243070017, 1.0449189272806536]",,,,,,,,,,
selective_graph_correction,actor,5,0,134200,True,,data/,/workspace/data/geom-gcn-splits-broad/film_split_0.6_0.2_5.npz,7600,53411,5,3648,2432,1520,True,False,True,True,0.008761262986809015,0.31829490698873997,0.327056169975549,validation_selected_threshold_and_weights,selective_graph_correction,True,True,mlp_only,0.3536184210526316,0.33881578947368424,,,,,,,,0.3,"{'b1': 1.0, 'b2': 0.4, 'b3': 0.0, 'b4': 0.9, 'b5': 0.5}",0.3092105263157895,0.06381578947368421,0.3742857142857143,0.25957446808510637,False,5,0.327056169975549,logs/actor_selective_graph_correction_split5_rep0.json
mlp_only,actor,5,1,134201,True,,data/,/workspace/data/geom-gcn-splits-broad/film_split_0.6_0.2_5.npz,7600,53411,5,3648,2432,1520,True,False,True,True,1.9445913959934842,0.00021468300838023424,1.9448060790018644,mlp_only_self_tuned,mlp_only,True,True,,0.34333881735801697,0.3611842095851898,64,2,0.5,0.01,0.0005,200,,,,,,,,,,,
prop_only,actor,5,1,134201,True,,data/,/workspace/data/geom-gcn-splits-broad/film_split_0.6_0.2_5.npz,7600,53411,5,3648,2432,1520,True,False,True,True,78.89523535000626,0.8951327859831508,79.79036813598941,tuned_on_predictclass_then_reused,predictclass,True,True,,0.31085526315789475,0.31973684210526315,,,,,,,"[0.2500404019399054, -0.21082523141635767, 0.4308546861219337, 0.012659403214925258, 0.11075256671084495, 0.062088143159431744, 0.4884192652497865, 1.0474923987210136]",,,,,,,,,,
selective_graph_correction,actor,5,1,134201,True,,data/,/workspace/data/geom-gcn-splits-broad/film_split_0.6_0.2_5.npz,7600,53411,5,3648,2432,1520,True,False,True,True,0.007333564019063488,0.40538269400713034,0.4127162580261938,validation_selected_threshold_and_weights,selective_graph_correction,True,True,mlp_only,0.34662828947368424,0.35657894736842105,,,,,,,,0.25,"{'b1': 1.0, 'b2': 0.4, 'b3': 0.0, 'b4': 0.9, 'b5': 0.5}",0.27631578947368424,0.05921052631578947,0.3890909090909091,0.2714285714285714,False,5,0.4127162580261938,logs/actor_selective_graph_correction_split5_rep1.json
mlp_only,actor,5,2,134202,True,,data/,/workspace/data/geom-gcn-splits-broad/film_split_0.6_0.2_5.npz,7600,53411,5,3648,2432,1520,True,False,True,True,2.014692489989102,0.00019776099361479282,2.0148902509827167,mlp_only_self_tuned,mlp_only,True,True,,0.35485196113586426,0.3440789580345154,64,2,0.5,0.01,0.0005,200,,,,,,,,,,,
prop_only,actor,5,2,134202,True,,data/,/workspace/data/geom-gcn-splits-broad/film_split_0.6_0.2_5.npz,7600,53411,5,3648,2432,1520,True,False,True,True,75.5447986460058,0.8800512700108811,76.42484991601668,tuned_on_predictclass_then_reused,predictclass,True,True,,0.3022203947368421,0.33092105263157895,,,,,,,"[0.49851227274788246, -0.22260365717196756, 0.4823769202582308, 0.01824509370783467, 0.0599924120038918, 0.0824574612022065, 0.4302223961552756, 1.4098939355068671]",,,,,,,,,,
selective_graph_correction,actor,5,2,134202,True,,data/,/workspace/data/geom-gcn-splits-broad/film_split_0.6_0.2_5.npz,7600,53411,5,3648,2432,1520,True,False,True,True,0.006926350994035602,0.3186476739938371,0.3255740249878727,validation_selected_threshold_and_weights,selective_graph_correction,True,True,mlp_only,0.35855263157894735,0.3414473684210526,,,,,,,,0.05,"{'b1': 1.0, 'b2': 0.6, 'b3': 0.0, 'b4': 0.5, 'b5': 0.3}",0.11118421052631579,0.02631578947368421,0.3515914137675796,0.2603550295857988,False,5,0.3255740249878727,logs/actor_selective_graph_correction_split5_rep2.json
mlp_only,actor,6,0,134300,True,,data/,/workspace/data/geom-gcn-splits-broad/film_split_0.6_0.2_6.npz,7600,53411,5,3648,2432,1520,True,False,True,True,2.057746004022192,0.00019579500076361,2.057941799022956,mlp_only_self_tuned,mlp_only,True,True,,0.34950658679008484,0.32960525155067444,64,2,0.5,0.01,0.0005,200,,,,,,,,,,,
prop_only,actor,6,0,134300,True,,data/,/workspace/data/geom-gcn-splits-broad/film_split_0.6_0.2_6.npz,7600,53411,5,3648,2432,1520,True,False,True,True,75.27330369100673,0.9371371029992588,76.21044079400599,tuned_on_predictclass_then_reused,predictclass,True,True,,0.3190789473684211,0.29736842105263156,,,,,,,"[0.3877495321683624, -0.00399175365140797, 0.16755444193404445, 0.002074658111550276, 0.2919882543919106, 0.07818263588102342, 0.5633036737788217, 0.93447020967805]",,,,,,,,,,
selective_graph_correction,actor,6,0,134300,True,,data/,/workspace/data/geom-gcn-splits-broad/film_split_0.6_0.2_6.npz,7600,53411,5,3648,2432,1520,True,False,True,True,0.008025354996789247,0.43615882101585157,0.4441841760126408,validation_selected_threshold_and_weights,selective_graph_correction,True,True,mlp_only,0.35074013157894735,0.32763157894736844,,,,,,,,0.05,"{'b1': 1.0, 'b2': 0.9, 'b3': 0.0, 'b4': 0.3, 'b5': 0.2}",0.0861842105263158,0.018421052631578946,0.33981281497480204,0.1984732824427481,False,5,0.4441841760126408,logs/actor_selective_graph_correction_split6_rep0.json
mlp_only,actor,6,1,134301,True,,data/,/workspace/data/geom-gcn-splits-broad/film_split_0.6_0.2_6.npz,7600,53411,5,3648,2432,1520,True,False,True,True,2.033833527995739,0.00015060999430716038,2.0339841379900463,mlp_only_self_tuned,mlp_only,True,True,,0.3466282784938812,0.32697367668151855,64,2,0.5,0.01,0.0005,200,,,,,,,,,,,
prop_only,actor,6,1,134301,True,,data/,/workspace/data/geom-gcn-splits-broad/film_split_0.6_0.2_6.npz,7600,53411,5,3648,2432,1520,True,False,True,True,75.5973635459959,0.9002583799883723,76.49762192598428,tuned_on_predictclass_then_reused,predictclass,True,True,,0.3256578947368421,0.30394736842105263,,,,,,,"[0.27440207946237066, -0.22372238696994257, 0.44771739017753115, 0.006344678145053739, 0.2459429192662838, 0.03907771629285326, 0.7057411648797811, 0.802425274387573]",,,,,,,,,,
selective_graph_correction,actor,6,1,134301,True,,data/,/workspace/data/geom-gcn-splits-broad/film_split_0.6_0.2_6.npz,7600,53411,5,3648,2432,1520,True,False,True,True,0.006647038011578843,0.3315591219870839,0.33820615999866277,validation_selected_threshold_and_weights,selective_graph_correction,True,True,mlp_only,0.34745065789473684,0.3256578947368421,,,,,,,,0.25,"{'b1': 1.0, 'b2': 0.4, 'b3': 0.0, 'b4': 0.9, 'b5': 0.5}",0.29605263157894735,0.06710526315789474,0.35514018691588783,0.25555555555555554,False,5,0.33820615999866277,logs/actor_selective_graph_correction_split6_rep1.json
mlp_only,actor,6,2,134302,True,,data/,/workspace/data/geom-gcn-splits-broad/film_split_0.6_0.2_6.npz,7600,53411,5,3648,2432,1520,True,False,True,True,1.9257515009958297,0.00015236300532706082,1.9259038640011568,mlp_only_self_tuned,mlp_only,True,True,,0.34703946113586426,0.3328947424888611,64,2,0.5,0.01,0.0005,200,,,,,,,,,,,
prop_only,actor,6,2,134302,True,,data/,/workspace/data/geom-gcn-splits-broad/film_split_0.6_0.2_6.npz,7600,53411,5,3648,2432,1520,True,False,True,True,70.57488481598557,0.799441712006228,71.3743265279918,tuned_on_predictclass_then_reused,predictclass,True,True,,0.36554276315789475,0.34210526315789475,,,,,,,"[0.23310179503013045, -0.04213048477536907, 0.47863337731115263, 0.005727683049309318, 0.28575414399874366, 0.026473787827148654, 0.4538907297663008, 0.8332992995347589]",,,,,,,,,,
selective_graph_correction,actor,6,2,134302,True,,data/,/workspace/data/geom-gcn-splits-broad/film_split_0.6_0.2_6.npz,7600,53411,5,3648,2432,1520,True,False,True,True,0.0066529790055938065,0.3985726479731966,0.4052256269787904,validation_selected_threshold_and_weights,selective_graph_correction,True,True,mlp_only,0.3458059210526316,0.33223684210526316,,,,,,,,0.05,"{'b1': 1.0, 'b2': 0.9, 'b3': 0.0, 'b4': 0.3, 'b5': 0.2}",0.11513157894736842,0.015789473684210527,0.3464684014869889,0.22285714285714286,False,5,0.4052256269787904,logs/actor_selective_graph_correction_split6_rep2.json
mlp_only,actor,7,0,134400,True,,data/,/workspace/data/geom-gcn-splits-broad/film_split_0.6_0.2_7.npz,7600,53411,5,3648,2432,1520,True,False,True,True,1.9099701209925115,0.000164669007062912,1.9101347899995744,mlp_only_self_tuned,mlp_only,True,True,,0.3334704041481018,0.35855263471603394,64,2,0.5,0.01,0.0005,200,,,,,,,,,,,
prop_only,actor,7,0,134400,True,,data/,/workspace/data/geom-gcn-splits-broad/film_split_0.6_0.2_7.npz,7600,53411,5,3648,2432,1520,True,False,True,True,72.45298356498824,0.8404597020125948,73.29344326700084,tuned_on_predictclass_then_reused,predictclass,True,True,,0.2956414473684211,0.30657894736842106,,,,,,,"[0.1924129304587076, -0.24754248853638272, 0.3327403663119415, 0.04567688794029129, 0.13017914845938816, 0.019219701161129657, 0.8507441204632326, 0.8365354380465372]",,,,,,,,,,
selective_graph_correction,actor,7,0,134400,True,,data/,/workspace/data/geom-gcn-splits-broad/film_split_0.6_0.2_7.npz,7600,53411,5,3648,2432,1520,True,False,True,True,0.006543359981151298,0.31371625800966285,0.32025961799081415,validation_selected_threshold_and_weights,selective_graph_correction,True,True,mlp_only,0.3363486842105263,0.35789473684210527,,,,,,,,0.05,"{'b1': 1.0, 'b2': 0.9, 'b3': 0.0, 'b4': 0.3, 'b5': 0.2}",0.10592105263157894,0.03289473684210526,0.3708609271523179,0.2484472049689441,False,5,0.32025961799081415,logs/actor_selective_graph_correction_split7_rep0.json
mlp_only,actor,7,1,134401,True,,data/,/workspace/data/geom-gcn-splits-broad/film_split_0.6_0.2_7.npz,7600,53411,5,3648,2432,1520,True,False,True,True,1.9415109769906849,0.0001533399918116629,1.9416643169824965,mlp_only_self_tuned,mlp_only,True,True,,0.3256579041481018,0.348026305437088,64,2,0.5,0.01,0.0005,200,,,,,,,,,,,
prop_only,actor,7,1,134401,True,,data/,/workspace/data/geom-gcn-splits-broad/film_split_0.6_0.2_7.npz,7600,53411,5,3648,2432,1520,True,False,True,True,71.67315992899239,0.844682628987357,72.51784255797975,tuned_on_predictclass_then_reused,predictclass,True,True,,0.32319078947368424,0.3355263157894737,,,,,,,"[0.17779914025207572, -0.1367528044380722, 0.44950257516124126, 0.000609154207515783, 0.2829043101279035, 0.041293308292321945, 0.8366847114802277, 0.6352705285095747]",,,,,,,,,,
selective_graph_correction,actor,7,1,134401,True,,data/,/workspace/data/geom-gcn-splits-broad/film_split_0.6_0.2_7.npz,7600,53411,5,3648,2432,1520,True,False,True,True,0.006959349004318938,0.408349747012835,0.41530909601715393,validation_selected_threshold_and_weights,selective_graph_correction,True,True,mlp_only,0.33182565789473684,0.34342105263157896,,,,,,,,0.1,"{'b1': 1.0, 'b2': 0.4, 'b3': 0.0, 'b4': 0.9, 'b5': 0.5}",0.14473684210526316,0.053289473684210525,0.36538461538461536,0.21363636363636362,False,5,0.41530909601715393,logs/actor_selective_graph_correction_split7_rep1.json
mlp_only,actor,7,2,134402,True,,data/,/workspace/data/geom-gcn-splits-broad/film_split_0.6_0.2_7.npz,7600,53411,5,3648,2432,1520,True,False,True,True,1.9306625000026543,0.0001282170123886317,1.930790717015043,mlp_only_self_tuned,mlp_only,True,True,,0.33675986528396606,0.34276315569877625,64,2,0.5,0.01,0.0005,200,,,,,,,,,,,
prop_only,actor,7,2,134402,True,,data/,/workspace/data/geom-gcn-splits-broad/film_split_0.6_0.2_7.npz,7600,53411,5,3648,2432,1520,True,False,True,True,77.04856609698618,0.88079514799756,77.92936124498374,tuned_on_predictclass_then_reused,predictclass,True,True,,0.31167763157894735,0.32302631578947366,,,,,,,"[0.3117658670328569, -0.17466276030567401, 0.4966143538911475, 0.05521528830957195, 0.2822890731297253, 0.09223606024954092, 0.7179957204834212, 1.2487533498310528]",,,,,,,,,,
selective_graph_correction,actor,7,2,134402,True,,data/,/workspace/data/geom-gcn-splits-broad/film_split_0.6_0.2_7.npz,7600,53411,5,3648,2432,1520,True,False,True,True,0.006991008995100856,0.3275588800024707,0.33454988899757154,validation_selected_threshold_and_weights,selective_graph_correction,True,True,mlp_only,0.3379934210526316,0.34078947368421053,,,,,,,,0.05,"{'b1': 1.0, 'b2': 0.9, 'b3': 0.0, 'b4': 0.3, 'b5': 0.2}",0.10921052631578948,0.02236842105263158,0.35081240768094535,0.25903614457831325,False,5,0.33454988899757154,logs/actor_selective_graph_correction_split7_rep2.json
mlp_only,actor,8,0,134500,True,,data/,/workspace/data/geom-gcn-splits-broad/film_split_0.6_0.2_8.npz,7600,53411,5,3648,2432,1520,True,False,True,True,1.9481544619775377,0.00015021901344880462,1.9483046809909865,mlp_only_self_tuned,mlp_only,True,True,,0.3318256437778473,0.3434210419654846,64,2,0.5,0.01,0.0005,200,,,,,,,,,,,
prop_only,actor,8,0,134500,True,,data/,/workspace/data/geom-gcn-splits-broad/film_split_0.6_0.2_8.npz,7600,53411,5,3648,2432,1520,True,False,True,True,75.75769259998924,0.9095276610169094,76.66722026100615,tuned_on_predictclass_then_reused,predictclass,True,True,,0.31743421052631576,0.30197368421052634,,,,,,,"[0.3689658654630083, 0.019186343337909362, 0.47041516335137473, 0.3191698237322212, 0.01278246046485535, 0.06884962751972203, 0.5216403757140842, 0.6667346767017073]",,,,,,,,,,
selective_graph_correction,actor,8,0,134500,True,,data/,/workspace/data/geom-gcn-splits-broad/film_split_0.6_0.2_8.npz,7600,53411,5,3648,2432,1520,True,False,True,True,0.007007796986727044,0.41841463098535314,0.4254224279720802,validation_selected_threshold_and_weights,selective_graph_correction,True,True,mlp_only,0.33305921052631576,0.34078947368421053,,,,,,,,0.2,"{'b1': 1.0, 'b2': 0.4, 'b3': 0.0, 'b4': 0.9, 'b5': 0.5}",0.25,0.05526315789473684,0.36929824561403507,0.25526315789473686,False,5,0.4254224279720802,logs/actor_selective_graph_correction_split8_rep0.json
mlp_only,actor,8,1,134501,True,,data/,/workspace/data/geom-gcn-splits-broad/film_split_0.6_0.2_8.npz,7600,53411,5,3648,2432,1520,True,False,True,True,1.9330215789959766,0.00017926600412465632,1.9332008450001013,mlp_only_self_tuned,mlp_only,True,True,,0.3310032784938812,0.3348684310913086,64,2,0.5,0.01,0.0005,200,,,,,,,,,,,
prop_only,actor,8,1,134501,True,,data/,/workspace/data/geom-gcn-splits-broad/film_split_0.6_0.2_8.npz,7600,53411,5,3648,2432,1520,True,False,True,True,73.19077588099753,0.8497720109880902,74.04054789198563,tuned_on_predictclass_then_reused,predictclass,True,True,,0.3013980263157895,0.29276315789473684,,,,,,,"[0.4700830158055047, -0.12009709395193602, 0.2805218241165689, 0.00848114191507443, 0.25311932506192797, 0.09158709718532397, 0.4012985598518449, 1.2037843429319706]",,,,,,,,,,
selective_graph_correction,actor,8,1,134501,True,,data/,/workspace/data/geom-gcn-splits-broad/film_split_0.6_0.2_8.npz,7600,53411,5,3648,2432,1520,True,False,True,True,0.006537395995110273,0.31416912301210687,0.32070651900721714,validation_selected_threshold_and_weights,selective_graph_correction,True,True,mlp_only,0.33223684210526316,0.3355263157894737,,,,,,,,0.1,"{'b1': 1.0, 'b2': 0.4, 'b3': 0.0, 'b4': 0.9, 'b5': 0.5}",0.175,0.06184210526315789,0.3524720893141946,0.2556390977443609,False,5,0.32070651900721714,logs/actor_selective_graph_correction_split8_rep1.json
mlp_only,actor,8,2,134502,True,,data/,/workspace/data/geom-gcn-splits-broad/film_split_0.6_0.2_8.npz,7600,53411,5,3648,2432,1520,True,False,True,True,1.970730529021239,0.00014250699314288795,1.9708730360143818,mlp_only_self_tuned,mlp_only,True,True,,0.33675986528396606,0.3375000059604645,64,2,0.5,0.01,0.0005,200,,,,,,,,,,,
prop_only,actor,8,2,134502,True,,data/,/workspace/data/geom-gcn-splits-broad/film_split_0.6_0.2_8.npz,7600,53411,5,3648,2432,1520,True,False,True,True,74.55564758297987,0.9770185040251818,75.53266608700505,tuned_on_predictclass_then_reused,predictclass,True,True,,0.3190789473684211,0.3,,,,,,,"[0.29689689410513204, -0.10006756955896051, 0.43312109035433777, 0.07449550401067201, 0.07398994212253988, 0.03893890100675637, 0.7995519960709032, 0.7547444520602373]",,,,,,,,,,
selective_graph_correction,actor,8,2,134502,True,,data/,/workspace/data/geom-gcn-splits-broad/film_split_0.6_0.2_8.npz,7600,53411,5,3648,2432,1520,True,False,True,True,0.007770978001644835,0.4564408840087708,0.46421186201041564,validation_selected_threshold_and_weights,selective_graph_correction,True,True,mlp_only,0.34210526315789475,0.34078947368421053,,,,,,,,0.1,"{'b1': 1.0, 'b2': 0.6, 'b3': 0.0, 'b4': 0.5, 'b5': 0.3}",0.16842105263157894,0.034210526315789476,0.3512658227848101,0.2890625,False,5,0.46421186201041564,logs/actor_selective_graph_correction_split8_rep2.json
mlp_only,actor,9,0,134600,True,,data/,/workspace/data/geom-gcn-splits-broad/film_split_0.6_0.2_9.npz,7600,53411,5,3648,2432,1520,True,False,True,True,1.932264736999059,0.00013898301403969526,1.9324037200130988,mlp_only_self_tuned,mlp_only,True,True,,0.3334704041481018,0.34013158082962036,64,2,0.5,0.01,0.0005,200,,,,,,,,,,,
prop_only,actor,9,0,134600,True,,data/,/workspace/data/geom-gcn-splits-broad/film_split_0.6_0.2_9.npz,7600,53411,5,3648,2432,1520,True,False,True,True,73.02598431898514,0.8257183900277596,73.8517027090129,tuned_on_predictclass_then_reused,predictclass,True,True,,0.35855263157894735,0.3605263157894737,,,,,,,"[0.26417815090160945, -0.03871362744356538, 0.38994965547657046, 0.001857905816513017, 0.1559336054860833, 0.025394809952948218, 0.8473649087015698, 0.8350420310111475]",,,,,,,,,,
selective_graph_correction,actor,9,0,134600,True,,data/,/workspace/data/geom-gcn-splits-broad/film_split_0.6_0.2_9.npz,7600,53411,5,3648,2432,1520,True,False,True,True,0.00672620499972254,0.3153518829785753,0.32207808797829784,validation_selected_threshold_and_weights,selective_graph_correction,True,True,mlp_only,0.33100328947368424,0.3414473684210526,,,,,,,,0.05,"{'b1': 1.2, 'b2': 0.5, 'b3': 0.0, 'b4': 0.4, 'b5': 0.2}",0.05592105263157895,0.021052631578947368,0.3456445993031359,0.27058823529411763,False,5,0.32207808797829784,logs/actor_selective_graph_correction_split9_rep0.json
mlp_only,actor,9,1,134601,True,,data/,/workspace/data/geom-gcn-splits-broad/film_split_0.6_0.2_9.npz,7600,53411,5,3648,2432,1520,True,False,True,True,1.9105119529995136,0.0001452839933335781,1.9106572369928472,mlp_only_self_tuned,mlp_only,True,True,,0.3388157784938812,0.34934210777282715,64,2,0.5,0.01,0.0005,200,,,,,,,,,,,
prop_only,actor,9,1,134601,True,,data/,/workspace/data/geom-gcn-splits-broad/film_split_0.6_0.2_9.npz,7600,53411,5,3648,2432,1520,True,False,True,True,74.64874604798388,0.9003843660175335,75.54913041400141,tuned_on_predictclass_then_reused,predictclass,True,True,,0.3433388157894737,0.3526315789473684,,,,,,,"[0.19580692432872576, -0.0006556503619276621, 0.3314933800576504, 0.15966200633455546, 0.11291227402192494, 0.08478934786166509, 0.7055161526447644, 0.6839136125892523]",,,,,,,,,,
selective_graph_correction,actor,9,1,134601,True,,data/,/workspace/data/geom-gcn-splits-broad/film_split_0.6_0.2_9.npz,7600,53411,5,3648,2432,1520,True,False,True,True,0.007154150982387364,0.4175968229828868,0.42475097396527417,validation_selected_threshold_and_weights,selective_graph_correction,True,True,mlp_only,0.3392269736842105,0.3460526315789474,,,,,,,,0.05,"{'b1': 1.0, 'b2': 0.9, 'b3': 0.0, 'b4': 0.3, 'b5': 0.2}",0.06644736842105263,0.030263157894736843,0.3572938689217759,0.18811881188118812,False,5,0.42475097396527417,logs/actor_selective_graph_correction_split9_rep1.json
mlp_only,actor,9,2,134602,True,,data/,/workspace/data/geom-gcn-splits-broad/film_split_0.6_0.2_9.npz,7600,53411,5,3648,2432,1520,True,False,True,True,1.9198522270016838,0.0001491439761593938,1.9200013709778432,mlp_only_self_tuned,mlp_only,True,True,,0.3231907784938812,0.34210526943206787,64,2,0.5,0.01,0.0005,200,,,,,,,,,,,
prop_only,actor,9,2,134602,True,,data/,/workspace/data/geom-gcn-splits-broad/film_split_0.6_0.2_9.npz,7600,53411,5,3648,2432,1520,True,False,True,True,74.48515264299931,0.8766070419806056,75.36175968497992,tuned_on_predictclass_then_reused,predictclass,True,True,,0.34868421052631576,0.3506578947368421,,,,,,,"[0.22235280551364284, -0.04804952372005328, 0.4610085626983984, 0.07819238205411289, 0.2376223328266965, 0.05835387200787387, 0.4284701708297719, 0.926845788372555]",,,,,,,,,,
selective_graph_correction,actor,9,2,134602,True,,data/,/workspace/data/geom-gcn-splits-broad/film_split_0.6_0.2_9.npz,7600,53411,5,3648,2432,1520,True,False,True,True,0.00707550800871104,0.32052917598048225,0.3276046839891933,validation_selected_threshold_and_weights,selective_graph_correction,True,True,mlp_only,0.32195723684210525,0.34342105263157896,,,,,,,,0.1,"{'b1': 1.0, 'b2': 0.9, 'b3': 0.0, 'b4': 0.3, 'b5': 0.2}",0.1256578947368421,0.02236842105263158,0.3551542513167795,0.2617801047120419,False,5,0.3276046839891933,logs/actor_selective_graph_correction_split9_rep2.json
mlp_only,cornell,0,0,133700,True,,data/,/workspace/data/geom-gcn-splits-broad/cornell_split_0.6_0.2_0.npz,183,557,5,87,59,37,True,False,True,True,0.22170307600754313,9.432801743969321e-05,0.22179740402498282,mlp_only_self_tuned,mlp_only,True,True,,0.7627118825912476,0.7297297120094299,64,2,0.5,0.01,0.0005,200,,,,,,,,,,,
prop_only,cornell,0,0,133700,True,,data/,/workspace/data/geom-gcn-splits-broad/cornell_split_0.6_0.2_0.npz,183,557,5,87,59,37,True,False,True,True,1.3335257139988244,0.015274103003321216,1.3487998170021456,tuned_on_predictclass_then_reused,predictclass,True,True,,0.559322033898305,0.5675675675675675,,,,,,,"[0.4143832444986512, -0.3410197966424288, 0.20018045393966072, 0.49561170090796686, 0.07381910834413528, 0.004911720327126435, 0.6965469298258444, 0.5319612881811973]",,,,,,,,,,
selective_graph_correction,cornell,0,0,133700,True,,data/,/workspace/data/geom-gcn-splits-broad/cornell_split_0.6_0.2_0.npz,183,557,5,87,59,37,True,False,True,True,0.0011510190088301897,0.005149089993210509,0.006300109002040699,validation_selected_threshold_and_weights,selective_graph_correction,True,True,mlp_only,0.7627118644067796,0.7297297297297297,,,,,,,,0.05,"{'b1': 1.0, 'b2': 0.6, 'b3': 0.0, 'b4': 0.5, 'b5': 0.3}",0.0,0.0,0.7297297297297297,,False,5,0.006300109002040699,logs/cornell_selective_graph_correction_split0_rep0.json
mlp_only,cornell,0,1,133701,True,,data/,/workspace/data/geom-gcn-splits-broad/cornell_split_0.6_0.2_0.npz,183,557,5,87,59,37,True,False,True,True,0.2184111750102602,7.214400102384388e-05,0.21848331901128404,mlp_only_self_tuned,mlp_only,True,True,,0.7796609997749329,0.7567567825317383,64,2,0.5,0.01,0.0005,200,,,,,,,,,,,
prop_only,cornell,0,1,133701,True,,data/,/workspace/data/geom-gcn-splits-broad/cornell_split_0.6_0.2_0.npz,183,557,5,87,59,37,True,False,True,True,1.3227146250137594,0.015126512007554993,1.3378411370213144,tuned_on_predictclass_then_reused,predictclass,True,True,,0.5423728813559322,0.5675675675675675,,,,,,,"[0.1784247657817567, -0.2658456232843589, 0.433180894911519, 0.10118924350526087, 0.027442054414737006, 0.008803994515592573, 0.8928143301002966, 1.3813418337835184]",,,,,,,,,,
selective_graph_correction,cornell,0,1,133701,True,,data/,/workspace/data/geom-gcn-splits-broad/cornell_split_0.6_0.2_0.npz,183,557,5,87,59,37,True,False,True,True,0.0011302749917376786,0.0051056429801974446,0.006235917971935123,validation_selected_threshold_and_weights,selective_graph_correction,True,True,mlp_only,0.7627118644067796,0.7567567567567568,,,,,,,,0.05,"{'b1': 1.0, 'b2': 0.6, 'b3': 0.0, 'b4': 0.5, 'b5': 0.3}",0.0,0.0,0.7567567567567568,,False,5,0.006235917971935123,logs/cornell_selective_graph_correction_split0_rep1.json
mlp_only,cornell,0,2,133702,True,,data/,/workspace/data/geom-gcn-splits-broad/cornell_split_0.6_0.2_0.npz,183,557,5,87,59,37,True,False,True,True,0.21725091198459268,6.899502477608621e-05,0.21731990700936876,mlp_only_self_tuned,mlp_only,True,True,,0.7118644118309021,0.7567567825317383,64,2,0.5,0.01,0.0005,200,,,,,,,,,,,
prop_only,cornell,0,2,133702,True,,data/,/workspace/data/geom-gcn-splits-broad/cornell_split_0.6_0.2_0.npz,183,557,5,87,59,37,True,False,True,True,1.3305379840021487,0.015225647017359734,1.3457636310195085,tuned_on_predictclass_then_reused,predictclass,True,True,,0.5254237288135594,0.5675675675675675,,,,,,,"[0.1781085939362435, -0.3018536811719357, 0.10838257461363437, 0.41429783623671723, 0.2195914390407042, 0.04878918638457477, 0.46437398509485, 0.566789327056618]",,,,,,,,,,
selective_graph_correction,cornell,0,2,133702,True,,data/,/workspace/data/geom-gcn-splits-broad/cornell_split_0.6_0.2_0.npz,183,557,5,87,59,37,True,False,True,True,0.0011657860013656318,0.005151072022272274,0.006316858023637906,validation_selected_threshold_and_weights,selective_graph_correction,True,True,mlp_only,0.7457627118644068,0.7837837837837838,,,,,,,,0.05,"{'b1': 1.0, 'b2': 0.6, 'b3': 0.0, 'b4': 0.5, 'b5': 0.3}",0.05405405405405406,0.05405405405405406,0.8,0.5,False,5,0.006316858023637906,logs/cornell_selective_graph_correction_split0_rep2.json
mlp_only,cornell,1,0,133800,True,,data/,/workspace/data/geom-gcn-splits-broad/cornell_split_0.6_0.2_1.npz,183,557,5,87,59,37,True,False,True,True,0.21869817600236274,7.01649987604469e-05,0.2187683410011232,mlp_only_self_tuned,mlp_only,True,True,,0.7796609997749329,0.8108108043670654,64,2,0.5,0.01,0.0005,200,,,,,,,,,,,
prop_only,cornell,1,0,133800,True,,data/,/workspace/data/geom-gcn-splits-broad/cornell_split_0.6_0.2_1.npz,183,557,5,87,59,37,True,False,True,True,1.3489320439985022,0.015428179991431534,1.3643602239899337,tuned_on_predictclass_then_reused,predictclass,True,True,,0.5084745762711864,0.35135135135135137,,,,,,,"[0.0356193036673097, -0.2636491510502821, 0.164553589725617, 0.1164258024447859, 0.19014959819826174, 0.0708373903576772, 0.8592905894681686, 1.146624652545445]",,,,,,,,,,
selective_graph_correction,cornell,1,0,133800,True,,data/,/workspace/data/geom-gcn-splits-broad/cornell_split_0.6_0.2_1.npz,183,557,5,87,59,37,True,False,True,True,0.001149727002484724,0.005099782021716237,0.006249509024200961,validation_selected_threshold_and_weights,selective_graph_correction,True,True,mlp_only,0.7796610169491526,0.8108108108108109,,,,,,,,0.05,"{'b1': 1.0, 'b2': 0.6, 'b3': 0.0, 'b4': 0.5, 'b5': 0.3}",0.02702702702702703,0.0,0.8333333333333334,0.0,False,5,0.006249509024200961,logs/cornell_selective_graph_correction_split1_rep0.json
mlp_only,cornell,1,1,133801,True,,data/,/workspace/data/geom-gcn-splits-broad/cornell_split_0.6_0.2_1.npz,183,557,5,87,59,37,True,False,True,True,0.21761847799643874,6.608699914067984e-05,0.21768456499557942,mlp_only_self_tuned,mlp_only,True,True,,0.7118644118309021,0.7567567825317383,64,2,0.5,0.01,0.0005,200,,,,,,,,,,,
prop_only,cornell,1,1,133801,True,,data/,/workspace/data/geom-gcn-splits-broad/cornell_split_0.6_0.2_1.npz,183,557,5,87,59,37,True,False,True,True,1.352281274012057,0.015500150999287143,1.3677814250113443,tuned_on_predictclass_then_reused,predictclass,True,True,,0.5084745762711864,0.40540540540540543,,,,,,,"[0.10337841611150556, -0.1758834549139885, 0.46689247311509846, 0.12598998291080266, 0.1431345932286419, 0.08229806425010938, 0.8559465226708377, 0.9996455886693002]",,,,,,,,,,
selective_graph_correction,cornell,1,1,133801,True,,data/,/workspace/data/geom-gcn-splits-broad/cornell_split_0.6_0.2_1.npz,183,557,5,87,59,37,True,False,True,True,0.0011967699974775314,0.00514321299851872,0.006339982995996252,validation_selected_threshold_and_weights,selective_graph_correction,True,True,mlp_only,0.6949152542372882,0.7567567567567568,,,,,,,,0.05,"{'b1': 1.0, 'b2': 0.6, 'b3': 0.0, 'b4': 0.5, 'b5': 0.3}",0.0,0.0,0.7567567567567568,,False,5,0.006339982995996252,logs/cornell_selective_graph_correction_split1_rep1.json
mlp_only,cornell,1,2,133802,True,,data/,/workspace/data/geom-gcn-splits-broad/cornell_split_0.6_0.2_1.npz,183,557,5,87,59,37,True,False,True,True,0.21857566499966197,7.759901927784085e-05,0.2186532640189398,mlp_only_self_tuned,mlp_only,True,True,,0.7457627058029175,0.7567567825317383,64,2,0.5,0.01,0.0005,200,,,,,,,,,,,
prop_only,cornell,1,2,133802,True,,data/,/workspace/data/geom-gcn-splits-broad/cornell_split_0.6_0.2_1.npz,183,557,5,87,59,37,True,False,True,True,1.35408800499863,0.015462885989109054,1.369550890987739,tuned_on_predictclass_then_reused,predictclass,True,True,,0.4915254237288136,0.3783783783783784,,,,,,,"[0.02867835135281016, 0.005136114858801055, 0.3783027355520836, 0.1279645751125178, 0.02408797721285043, 0.040281709307383645, 0.8498403820354907, 0.9858598306835706]",,,,,,,,,,
selective_graph_correction,cornell,1,2,133802,True,,data/,/workspace/data/geom-gcn-splits-broad/cornell_split_0.6_0.2_1.npz,183,557,5,87,59,37,True,False,True,True,0.001138255000114441,0.0050920020148623735,0.006230257014976814,validation_selected_threshold_and_weights,selective_graph_correction,True,True,mlp_only,0.7288135593220338,0.7567567567567568,,,,,,,,0.05,"{'b1': 1.0, 'b2': 0.6, 'b3': 0.0, 'b4': 0.5, 'b5': 0.3}",0.02702702702702703,0.0,0.7777777777777778,0.0,False,5,0.006230257014976814,logs/cornell_selective_graph_correction_split1_rep2.json
mlp_only,cornell,2,0,133900,True,,data/,/workspace/data/geom-gcn-splits-broad/cornell_split_0.6_0.2_2.npz,183,557,5,87,59,37,True,False,True,True,0.21665922799729742,6.814501830376685e-05,0.2167273730156012,mlp_only_self_tuned,mlp_only,True,True,,0.7288135886192322,0.8108108043670654,64,2,0.5,0.01,0.0005,200,,,,,,,,,,,
prop_only,cornell,2,0,133900,True,,data/,/workspace/data/geom-gcn-splits-broad/cornell_split_0.6_0.2_2.npz,183,557,5,87,59,37,True,False,True,True,1.3535510759975296,0.01650116400560364,1.3700522400031332,tuned_on_predictclass_then_reused,predictclass,True,True,,0.4406779661016949,0.5135135135135135,,,,,,,"[0.11648491723843651, -0.026739654546013236, 0.3311900169654757, 0.48723231428407987, 0.017688967911470444, 0.004188645259687452, 0.6362314392033925, 0.6622571319541074]",,,,,,,,,,
selective_graph_correction,cornell,2,0,133900,True,,data/,/workspace/data/geom-gcn-splits-broad/cornell_split_0.6_0.2_2.npz,183,557,5,87,59,37,True,False,True,True,0.0011379389907233417,0.005314887996064499,0.006452826986787841,validation_selected_threshold_and_weights,selective_graph_correction,True,True,mlp_only,0.7288135593220338,0.8108108108108109,,,,,,,,0.05,"{'b1': 1.0, 'b2': 0.6, 'b3': 0.0, 'b4': 0.5, 'b5': 0.3}",0.05405405405405406,0.0,0.8285714285714286,0.5,False,5,0.006452826986787841,logs/cornell_selective_graph_correction_split2_rep0.json
mlp_only,cornell,2,1,133901,True,,data/,/workspace/data/geom-gcn-splits-broad/cornell_split_0.6_0.2_2.npz,183,557,5,87,59,37,True,False,True,True,0.21977462698123418,6.533399573527277e-05,0.21983996097696945,mlp_only_self_tuned,mlp_only,True,True,,0.7118644118309021,0.7837837934494019,64,2,0.5,0.01,0.0005,200,,,,,,,,,,,
prop_only,cornell,2,1,133901,True,,data/,/workspace/data/geom-gcn-splits-broad/cornell_split_0.6_0.2_2.npz,183,557,5,87,59,37,True,False,True,True,1.3334211219917051,0.015449603990418836,1.348870725982124,tuned_on_predictclass_then_reused,predictclass,True,True,,0.4406779661016949,0.43243243243243246,,,,,,,"[0.2287130104205553, -0.4518392706280582, 0.2767106630845494, 0.26339176731033703, 0.04620222363047586, 0.07401111166177679, 0.6036271946924473, 1.0651016372008324]",,,,,,,,,,
selective_graph_correction,cornell,2,1,133901,True,,data/,/workspace/data/geom-gcn-splits-broad/cornell_split_0.6_0.2_2.npz,183,557,5,87,59,37,True,False,True,True,0.0011386940022930503,0.0050855029840022326,0.006224196986295283,validation_selected_threshold_and_weights,selective_graph_correction,True,True,mlp_only,0.711864406779661,0.7837837837837838,,,,,,,,0.05,"{'b1': 1.0, 'b2': 0.6, 'b3': 0.0, 'b4': 0.5, 'b5': 0.3}",0.0,0.0,0.7837837837837838,,False,5,0.006224196986295283,logs/cornell_selective_graph_correction_split2_rep1.json
mlp_only,cornell,2,2,133902,True,,data/,/workspace/data/geom-gcn-splits-broad/cornell_split_0.6_0.2_2.npz,183,557,5,87,59,37,True,False,True,True,0.21473479800624773,6.37330231256783e-05,0.2147985310293734,mlp_only_self_tuned,mlp_only,True,True,,0.694915235042572,0.7837837934494019,64,2,0.5,0.01,0.0005,200,,,,,,,,,,,
prop_only,cornell,2,2,133902,True,,data/,/workspace/data/geom-gcn-splits-broad/cornell_split_0.6_0.2_2.npz,183,557,5,87,59,37,True,False,True,True,1.3346978199842852,0.016645376017550007,1.3513431960018352,tuned_on_predictclass_then_reused,predictclass,True,True,,0.4576271186440678,0.5405405405405406,,,,,,,"[0.4556297500206275, -0.3927019076472339, 0.2006659469376375, 0.3642500733268752, 0.06697489429143148, 0.026864643283194014, 0.655602436597238, 1.3274104246550293]",,,,,,,,,,
selective_graph_correction,cornell,2,2,133902,True,,data/,/workspace/data/geom-gcn-splits-broad/cornell_split_0.6_0.2_2.npz,183,557,5,87,59,37,True,False,True,True,0.0012033929815515876,0.005325942009221762,0.00652933499077335,validation_selected_threshold_and_weights,selective_graph_correction,True,True,mlp_only,0.6779661016949152,0.7837837837837838,,,,,,,,0.05,"{'b1': 1.0, 'b2': 0.6, 'b3': 0.0, 'b4': 0.5, 'b5': 0.3}",0.0,0.0,0.7837837837837838,,False,5,0.00652933499077335,logs/cornell_selective_graph_correction_split2_rep2.json
mlp_only,cornell,3,0,134000,True,,data/,/workspace/data/geom-gcn-splits-broad/cornell_split_0.6_0.2_3.npz,183,557,5,87,59,37,True,False,True,True,0.21405958899413235,6.429498898796737e-05,0.21412388398312032,mlp_only_self_tuned,mlp_only,True,True,,0.6779661178588867,0.7297297120094299,64,2,0.5,0.01,0.0005,200,,,,,,,,,,,
prop_only,cornell,3,0,134000,True,,data/,/workspace/data/geom-gcn-splits-broad/cornell_split_0.6_0.2_3.npz,183,557,5,87,59,37,True,False,True,True,1.3752683530037757,0.015425444988068193,1.390693797991844,tuned_on_predictclass_then_reused,predictclass,True,True,,0.4745762711864407,0.6216216216216216,,,,,,,"[0.19673403234603937, -0.42918930901958163, 0.17356191686355849, 0.1910126836418683, 0.12950937321872166, 0.07038652909978024, 0.7666907947676856, 0.9405106177805964]",,,,,,,,,,
selective_graph_correction,cornell,3,0,134000,True,,data/,/workspace/data/geom-gcn-splits-broad/cornell_split_0.6_0.2_3.npz,183,557,5,87,59,37,True,False,True,True,0.0011493600031826645,0.005086266988655552,0.006235626991838217,validation_selected_threshold_and_weights,selective_graph_correction,True,True,mlp_only,0.6610169491525424,0.7027027027027027,,,,,,,,0.05,"{'b1': 1.0, 'b2': 0.6, 'b3': 0.0, 'b4': 0.5, 'b5': 0.3}",0.02702702702702703,0.02702702702702703,0.7222222222222222,0.0,False,5,0.006235626991838217,logs/cornell_selective_graph_correction_split3_rep0.json
mlp_only,cornell,3,1,134001,True,,data/,/workspace/data/geom-gcn-splits-broad/cornell_split_0.6_0.2_3.npz,183,557,5,87,59,37,True,False,True,True,0.2136711950006429,6.771599873900414e-05,0.21373891099938191,mlp_only_self_tuned,mlp_only,True,True,,0.6440678238868713,0.7567567825317383,64,2,0.5,0.01,0.0005,200,,,,,,,,,,,
prop_only,cornell,3,1,134001,True,,data/,/workspace/data/geom-gcn-splits-broad/cornell_split_0.6_0.2_3.npz,183,557,5,87,59,37,True,False,True,True,1.3344526439905167,0.015252412995323539,1.3497050569858402,tuned_on_predictclass_then_reused,predictclass,True,True,,0.4745762711864407,0.6216216216216216,,,,,,,"[0.07323533946195393, -0.23804095118646068, 0.2776769170858457, 0.18745085802432782, 0.0539199256860045, 0.03601994172720126, 0.4713637631015441, 0.838854290909672]",,,,,,,,,,
selective_graph_correction,cornell,3,1,134001,True,,data/,/workspace/data/geom-gcn-splits-broad/cornell_split_0.6_0.2_3.npz,183,557,5,87,59,37,True,False,True,True,0.0011837210040539503,0.005176847014809027,0.006360568018862978,validation_selected_threshold_and_weights,selective_graph_correction,True,True,mlp_only,0.6610169491525424,0.7297297297297297,,,,,,,,0.05,"{'b1': 1.0, 'b2': 0.4, 'b3': 0.0, 'b4': 0.9, 'b5': 0.5}",0.02702702702702703,0.02702702702702703,0.75,0.0,False,5,0.006360568018862978,logs/cornell_selective_graph_correction_split3_rep1.json
mlp_only,cornell,3,2,134002,True,,data/,/workspace/data/geom-gcn-splits-broad/cornell_split_0.6_0.2_3.npz,183,557,5,87,59,37,True,False,True,True,0.21404391500982456,0.0001083149982150644,0.21415223000803962,mlp_only_self_tuned,mlp_only,True,True,,0.6610169410705566,0.7297297120094299,64,2,0.5,0.01,0.0005,200,,,,,,,,,,,
prop_only,cornell,3,2,134002,True,,data/,/workspace/data/geom-gcn-splits-broad/cornell_split_0.6_0.2_3.npz,183,557,5,87,59,37,True,False,True,True,1.3241366599977482,0.015262617991538718,1.339399277989287,tuned_on_predictclass_then_reused,predictclass,True,True,,0.4915254237288136,0.5405405405405406,,,,,,,"[0.2904412904976691, -0.11264807353533324, 0.44931712021857895, 0.1706465134848444, 0.044193281238079904, 0.07013248019163386, 0.7730482829625902, 0.6407424305406997]",,,,,,,,,,
selective_graph_correction,cornell,3,2,134002,True,,data/,/workspace/data/geom-gcn-splits-broad/cornell_split_0.6_0.2_3.npz,183,557,5,87,59,37,True,False,True,True,0.0011861020175274462,0.005126219999510795,0.006312322017038241,validation_selected_threshold_and_weights,selective_graph_correction,True,True,mlp_only,0.6610169491525424,0.7567567567567568,,,,,,,,0.05,"{'b1': 1.0, 'b2': 0.6, 'b3': 0.0, 'b4': 0.5, 'b5': 0.3}",0.02702702702702703,0.02702702702702703,0.75,1.0,False,5,0.006312322017038241,logs/cornell_selective_graph_correction_split3_rep2.json
mlp_only,cornell,4,0,134100,True,,data/,/workspace/data/geom-gcn-splits-broad/cornell_split_0.6_0.2_4.npz,183,557,5,87,59,37,True,False,True,True,0.21470082399901003,7.483700755983591e-05,0.21477566100656986,mlp_only_self_tuned,mlp_only,True,True,,0.7457627058029175,0.8108108043670654,64,2,0.5,0.01,0.0005,200,,,,,,,,,,,
prop_only,cornell,4,0,134100,True,,data/,/workspace/data/geom-gcn-splits-broad/cornell_split_0.6_0.2_4.npz,183,557,5,87,59,37,True,False,True,True,1.3425667119736318,0.015309324022382498,1.3578760359960143,tuned_on_predictclass_then_reused,predictclass,True,True,,0.5254237288135594,0.5945945945945946,,,,,,,"[0.04481753783871678, -0.28340152274553815, 0.3491029734928774, 0.24169708618042435, 0.08789729235866746, 0.009244164257553622, 0.8410079509007402, 1.0781198152246634]",,,,,,,,,,
selective_graph_correction,cornell,4,0,134100,True,,data/,/workspace/data/geom-gcn-splits-broad/cornell_split_0.6_0.2_4.npz,183,557,5,87,59,37,True,False,True,True,0.0011737970053218305,0.00531682901782915,0.0064906260231509805,validation_selected_threshold_and_weights,selective_graph_correction,True,True,mlp_only,0.7457627118644068,0.8108108108108109,,,,,,,,0.05,"{'b1': 1.0, 'b2': 0.6, 'b3': 0.0, 'b4': 0.5, 'b5': 0.3}",0.02702702702702703,0.0,0.8055555555555556,1.0,False,5,0.0064906260231509805,logs/cornell_selective_graph_correction_split4_rep0.json
mlp_only,cornell,4,1,134101,True,,data/,/workspace/data/geom-gcn-splits-broad/cornell_split_0.6_0.2_4.npz,183,557,5,87,59,37,True,False,True,True,0.21855700502055697,6.786501035094261e-05,0.21862487003090791,mlp_only_self_tuned,mlp_only,True,True,,0.7457627058029175,0.7837837934494019,64,2,0.5,0.01,0.0005,200,,,,,,,,,,,
prop_only,cornell,4,1,134101,True,,data/,/workspace/data/geom-gcn-splits-broad/cornell_split_0.6_0.2_4.npz,183,557,5,87,59,37,True,False,True,True,1.3611161159933545,0.015803934016730636,1.376920050010085,tuned_on_predictclass_then_reused,predictclass,True,True,,0.5423728813559322,0.5675675675675675,,,,,,,"[0.3460827631812473, -0.04081082013140258, 0.05829773089220519, 0.31479870878461075, 0.013412899761070018, 0.010928867737753057, 0.661258756708974, 1.0966204361905798]",,,,,,,,,,
selective_graph_correction,cornell,4,1,134101,True,,data/,/workspace/data/geom-gcn-splits-broad/cornell_split_0.6_0.2_4.npz,183,557,5,87,59,37,True,False,True,True,0.0011719480098690838,0.0051588120113592595,0.006330760021228343,validation_selected_threshold_and_weights,selective_graph_correction,True,True,mlp_only,0.7457627118644068,0.7567567567567568,,,,,,,,0.05,"{'b1': 1.0, 'b2': 0.6, 'b3': 0.0, 'b4': 0.5, 'b5': 0.3}",0.02702702702702703,0.02702702702702703,0.7777777777777778,0.0,False,5,0.006330760021228343,logs/cornell_selective_graph_correction_split4_rep1.json
mlp_only,cornell,4,2,134102,True,,data/,/workspace/data/geom-gcn-splits-broad/cornell_split_0.6_0.2_4.npz,183,557,5,87,59,37,True,False,True,True,0.21993213400128298,9.166999370791018e-05,0.22002380399499089,mlp_only_self_tuned,mlp_only,True,True,,0.694915235042572,0.7567567825317383,64,2,0.5,0.01,0.0005,200,,,,,,,,,,,
prop_only,cornell,4,2,134102,True,,data/,/workspace/data/geom-gcn-splits-broad/cornell_split_0.6_0.2_4.npz,183,557,5,87,59,37,True,False,True,True,1.40444762801053,0.015451316983671859,1.4198989449942019,tuned_on_predictclass_then_reused,predictclass,True,True,,0.559322033898305,0.6216216216216216,,,,,,,"[0.23336257658972492, -0.4678026103956211, 0.49812903163827355, 0.29673606122338464, 0.22540374388638182, 0.08822912185420168, 0.8030723943955272, 0.5637825264042715]",,,,,,,,,,
selective_graph_correction,cornell,4,2,134102,True,,data/,/workspace/data/geom-gcn-splits-broad/cornell_split_0.6_0.2_4.npz,183,557,5,87,59,37,True,False,True,True,0.001174314005766064,0.0050737249839585274,0.006248038989724591,validation_selected_threshold_and_weights,selective_graph_correction,True,True,mlp_only,0.6779661016949152,0.7567567567567568,,,,,,,,0.05,"{'b1': 1.0, 'b2': 0.9, 'b3': 0.0, 'b4': 0.3, 'b5': 0.2}",0.02702702702702703,0.0,0.7777777777777778,0.0,False,5,0.006248038989724591,logs/cornell_selective_graph_correction_split4_rep2.json
mlp_only,cornell,5,0,134200,True,,data/,/workspace/data/geom-gcn-splits-broad/cornell_split_0.6_0.2_5.npz,183,557,5,87,59,37,True,False,True,True,0.22017572200275026,7.906099199317396e-05,0.22025478299474344,mlp_only_self_tuned,mlp_only,True,True,,0.7627118825912476,0.7027027010917664,64,2,0.5,0.01,0.0005,200,,,,,,,,,,,
prop_only,cornell,5,0,134200,True,,data/,/workspace/data/geom-gcn-splits-broad/cornell_split_0.6_0.2_5.npz,183,557,5,87,59,37,True,False,True,True,1.4008012079866603,0.015493974002311006,1.4162951819889713,tuned_on_predictclass_then_reused,predictclass,True,True,,0.4576271186440678,0.5135135135135135,,,,,,,"[0.30895145363678694, -0.49159968061658926, 0.039858098933514274, 0.033685212298803335, 0.25074137890715625, 0.013130748935273351, 0.55636010835225, 0.5322100045784038]",,,,,,,,,,
selective_graph_correction,cornell,5,0,134200,True,,data/,/workspace/data/geom-gcn-splits-broad/cornell_split_0.6_0.2_5.npz,183,557,5,87,59,37,True,False,True,True,0.001185904984595254,0.0050761220045387745,0.0062620269891340286,validation_selected_threshold_and_weights,selective_graph_correction,True,True,mlp_only,0.7627118644067796,0.7027027027027027,,,,,,,,0.05,"{'b1': 1.0, 'b2': 0.6, 'b3': 0.0, 'b4': 0.5, 'b5': 0.3}",0.02702702702702703,0.0,0.7222222222222222,0.0,False,5,0.0062620269891340286,logs/cornell_selective_graph_correction_split5_rep0.json
mlp_only,cornell,5,1,134201,True,,data/,/workspace/data/geom-gcn-splits-broad/cornell_split_0.6_0.2_5.npz,183,557,5,87,59,37,True,False,True,True,0.21636187098920345,7.62919953558594e-05,0.2164381629845593,mlp_only_self_tuned,mlp_only,True,True,,0.7966101765632629,0.7027027010917664,64,2,0.5,0.01,0.0005,200,,,,,,,,,,,
prop_only,cornell,5,1,134201,True,,data/,/workspace/data/geom-gcn-splits-broad/cornell_split_0.6_0.2_5.npz,183,557,5,87,59,37,True,False,True,True,1.4210119379858952,0.015625047992216423,1.4366369859781116,tuned_on_predictclass_then_reused,predictclass,True,True,,0.4576271186440678,0.5135135135135135,,,,,,,"[0.2500404019399054, -0.21082523141635767, 0.4308546861219337, 0.012659403214925258, 0.11075256671084495, 0.062088143159431744, 0.4884192652497865, 1.0474923987210136]",,,,,,,,,,
selective_graph_correction,cornell,5,1,134201,True,,data/,/workspace/data/geom-gcn-splits-broad/cornell_split_0.6_0.2_5.npz,183,557,5,87,59,37,True,False,True,True,0.001143486995715648,0.005225567962042987,0.006369054957758635,validation_selected_threshold_and_weights,selective_graph_correction,True,True,mlp_only,0.7966101694915254,0.6756756756756757,,,,,,,,0.05,"{'b1': 1.0, 'b2': 0.6, 'b3': 0.0, 'b4': 0.5, 'b5': 0.3}",0.05405405405405406,0.02702702702702703,0.6857142857142857,0.5,False,5,0.006369054957758635,logs/cornell_selective_graph_correction_split5_rep1.json
mlp_only,cornell,5,2,134202,True,,data/,/workspace/data/geom-gcn-splits-broad/cornell_split_0.6_0.2_5.npz,183,557,5,87,59,37,True,False,True,True,0.21625095000490546,9.181498899124563e-05,0.2163427649938967,mlp_only_self_tuned,mlp_only,True,True,,0.7627118825912476,0.6216216087341309,64,2,0.5,0.01,0.0005,200,,,,,,,,,,,
prop_only,cornell,5,2,134202,True,,data/,/workspace/data/geom-gcn-splits-broad/cornell_split_0.6_0.2_5.npz,183,557,5,87,59,37,True,False,True,True,1.3453610010037664,0.01530919101787731,1.3606701920216437,tuned_on_predictclass_then_reused,predictclass,True,True,,0.4745762711864407,0.5675675675675675,,,,,,,"[0.05773265992742088, -0.46730348087667084, 0.4185717309377611, 0.18722167226764275, 0.18719876676558392, 0.013979036050444838, 0.5203241960378608, 0.717343386824058]",,,,,,,,,,
selective_graph_correction,cornell,5,2,134202,True,,data/,/workspace/data/geom-gcn-splits-broad/cornell_split_0.6_0.2_5.npz,183,557,5,87,59,37,True,False,True,True,0.0011617569834925234,0.005087103025289252,0.006248860008781776,validation_selected_threshold_and_weights,selective_graph_correction,True,True,mlp_only,0.7627118644067796,0.6756756756756757,,,,,,,,0.05,"{'b1': 1.0, 'b2': 0.6, 'b3': 0.0, 'b4': 0.5, 'b5': 0.3}",0.08108108108108109,0.05405405405405406,0.6764705882352942,0.6666666666666666,False,5,0.006248860008781776,logs/cornell_selective_graph_correction_split5_rep2.json
mlp_only,cornell,6,0,134300,True,,data/,/workspace/data/geom-gcn-splits-broad/cornell_split_0.6_0.2_6.npz,183,557,5,87,59,37,True,False,True,True,0.21675345397670753,6.967099034227431e-05,0.2168231249670498,mlp_only_self_tuned,mlp_only,True,True,,0.7627118825912476,0.6756756901741028,64,2,0.5,0.01,0.0005,200,,,,,,,,,,,
prop_only,cornell,6,0,134300,True,,data/,/workspace/data/geom-gcn-splits-broad/cornell_split_0.6_0.2_6.npz,183,557,5,87,59,37,True,False,True,True,1.3177648469863925,0.014897964982083067,1.3326628119684756,tuned_on_predictclass_then_reused,predictclass,True,True,,0.4745762711864407,0.4864864864864865,,,,,,,"[0.47572088215700453, -0.132945305358724, 0.21290001899882166, 0.26631231072210965, 0.21366312530334505, 0.06208645350244313, 0.6117877821996124, 0.7416904264919872]",,,,,,,,,,
selective_graph_correction,cornell,6,0,134300,True,,data/,/workspace/data/geom-gcn-splits-broad/cornell_split_0.6_0.2_6.npz,183,557,5,87,59,37,True,False,True,True,0.0011887989821843803,0.005022208992158994,0.006211007974343374,validation_selected_threshold_and_weights,selective_graph_correction,True,True,mlp_only,0.7627118644067796,0.6756756756756757,,,,,,,,0.05,"{'b1': 1.0, 'b2': 0.6, 'b3': 0.0, 'b4': 0.5, 'b5': 0.3}",0.0,0.0,0.6756756756756757,,False,5,0.006211007974343374,logs/cornell_selective_graph_correction_split6_rep0.json
mlp_only,cornell,6,1,134301,True,,data/,/workspace/data/geom-gcn-splits-broad/cornell_split_0.6_0.2_6.npz,183,557,5,87,59,37,True,False,True,True,0.21299523301422596,6.834499072283506e-05,0.2130635780049488,mlp_only_self_tuned,mlp_only,True,True,,0.7796609997749329,0.6216216087341309,64,2,0.5,0.01,0.0005,200,,,,,,,,,,,
prop_only,cornell,6,1,134301,True,,data/,/workspace/data/geom-gcn-splits-broad/cornell_split_0.6_0.2_6.npz,183,557,5,87,59,37,True,False,True,True,1.3553564939938951,0.015116052003577352,1.3704725459974725,tuned_on_predictclass_then_reused,predictclass,True,True,,0.4576271186440678,0.5405405405405406,,,,,,,"[0.30406501231284594, -0.3196914312280045, 0.29770327129393925, 0.46121074577663584, 0.16168318344621488, 0.07371236103268257, 0.6285006164747994, 1.0455906735971643]",,,,,,,,,,
selective_graph_correction,cornell,6,1,134301,True,,data/,/workspace/data/geom-gcn-splits-broad/cornell_split_0.6_0.2_6.npz,183,557,5,87,59,37,True,False,True,True,0.001126974995713681,0.005053696018876508,0.006180671014590189,validation_selected_threshold_and_weights,selective_graph_correction,True,True,mlp_only,0.7796610169491526,0.6216216216216216,,,,,,,,0.05,"{'b1': 1.0, 'b2': 0.6, 'b3': 0.0, 'b4': 0.5, 'b5': 0.3}",0.02702702702702703,0.0,0.6111111111111112,1.0,False,5,0.006180671014590189,logs/cornell_selective_graph_correction_split6_rep1.json
mlp_only,cornell,6,2,134302,True,,data/,/workspace/data/geom-gcn-splits-broad/cornell_split_0.6_0.2_6.npz,183,557,5,87,59,37,True,False,True,True,0.21780806500464678,6.844301242381334e-05,0.2178765080170706,mlp_only_self_tuned,mlp_only,True,True,,0.7627118825912476,0.6486486196517944,64,2,0.5,0.01,0.0005,200,,,,,,,,,,,
prop_only,cornell,6,2,134302,True,,data/,/workspace/data/geom-gcn-splits-broad/cornell_split_0.6_0.2_6.npz,183,557,5,87,59,37,True,False,True,True,1.4013814020145219,0.015486325020901859,1.4168677270354237,tuned_on_predictclass_then_reused,predictclass,True,True,,0.423728813559322,0.4864864864864865,,,,,,,"[0.1496896485301435, 0.00157577351796645, 0.22812864817336836, 0.3421656735086357, 0.2390078417096309, 0.07820535869321088, 0.4879295232454615, 1.2854093122042447]",,,,,,,,,,
selective_graph_correction,cornell,6,2,134302,True,,data/,/workspace/data/geom-gcn-splits-broad/cornell_split_0.6_0.2_6.npz,183,557,5,87,59,37,True,False,True,True,0.001197336008772254,0.005109209974762052,0.006306545983534306,validation_selected_threshold_and_weights,selective_graph_correction,True,True,mlp_only,0.7627118644067796,0.6756756756756757,,,,,,,,0.05,"{'b1': 1.0, 'b2': 0.9, 'b3': 0.0, 'b4': 0.3, 'b5': 0.2}",0.08108108108108109,0.02702702702702703,0.6764705882352942,0.6666666666666666,False,5,0.006306545983534306,logs/cornell_selective_graph_correction_split6_rep2.json
mlp_only,cornell,7,0,134400,True,,data/,/workspace/data/geom-gcn-splits-broad/cornell_split_0.6_0.2_7.npz,183,557,5,87,59,37,True,False,True,True,0.2181861519929953,7.159498636610806e-05,0.2182577469793614,mlp_only_self_tuned,mlp_only,True,True,,0.7966101765632629,0.6756756901741028,64,2,0.5,0.01,0.0005,200,,,,,,,,,,,
prop_only,cornell,7,0,134400,True,,data/,/workspace/data/geom-gcn-splits-broad/cornell_split_0.6_0.2_7.npz,183,557,5,87,59,37,True,False,True,True,1.361519546015188,0.016063617978943512,1.3775831639941316,tuned_on_predictclass_then_reused,predictclass,True,True,,0.4576271186440678,0.5945945945945946,,,,,,,"[0.06542511088424219, -0.44120818782366267, 0.3938016062597408, 0.4875052124270683, 0.08370083193438019, 0.05692916686016411, 0.8827927710836974, 0.5407316009217712]",,,,,,,,,,
selective_graph_correction,cornell,7,0,134400,True,,data/,/workspace/data/geom-gcn-splits-broad/cornell_split_0.6_0.2_7.npz,183,557,5,87,59,37,True,False,True,True,0.001173685013782233,0.005170405987882987,0.00634409100166522,validation_selected_threshold_and_weights,selective_graph_correction,True,True,mlp_only,0.7966101694915254,0.6756756756756757,,,,,,,,0.05,"{'b1': 1.0, 'b2': 0.6, 'b3': 0.0, 'b4': 0.5, 'b5': 0.3}",0.02702702702702703,0.0,0.6944444444444444,0.0,False,5,0.00634409100166522,logs/cornell_selective_graph_correction_split7_rep0.json
mlp_only,cornell,7,1,134401,True,,data/,/workspace/data/geom-gcn-splits-broad/cornell_split_0.6_0.2_7.npz,183,557,5,87,59,37,True,False,True,True,0.22405464501935057,7.522999658249319e-05,0.22412987501593307,mlp_only_self_tuned,mlp_only,True,True,,0.7627118825912476,0.7027027010917664,64,2,0.5,0.01,0.0005,200,,,,,,,,,,,
prop_only,cornell,7,1,134401,True,,data/,/workspace/data/geom-gcn-splits-broad/cornell_split_0.6_0.2_7.npz,183,557,5,87,59,37,True,False,True,True,1.3885378649865743,0.01563392800744623,1.4041717929940205,tuned_on_predictclass_then_reused,predictclass,True,True,,0.5084745762711864,0.5675675675675675,,,,,,,"[0.15985046805325798, -0.18612031311398936, 0.4043652824897057, 0.41285080540498265, 0.2430603075523353, 0.04906786198241989, 0.5066735184069033, 0.9878862539875739]",,,,,,,,,,
selective_graph_correction,cornell,7,1,134401,True,,data/,/workspace/data/geom-gcn-splits-broad/cornell_split_0.6_0.2_7.npz,183,557,5,87,59,37,True,False,True,True,0.0011836890189442784,0.0054221229802351445,0.006605811999179423,validation_selected_threshold_and_weights,selective_graph_correction,True,True,mlp_only,0.7627118644067796,0.6486486486486487,,,,,,,,0.05,"{'b1': 1.0, 'b2': 0.6, 'b3': 0.0, 'b4': 0.5, 'b5': 0.3}",0.05405405405405406,0.05405405405405406,0.6857142857142857,0.0,False,5,0.006605811999179423,logs/cornell_selective_graph_correction_split7_rep1.json
mlp_only,cornell,7,2,134402,True,,data/,/workspace/data/geom-gcn-splits-broad/cornell_split_0.6_0.2_7.npz,183,557,5,87,59,37,True,False,True,True,0.2189702779869549,7.943500531837344e-05,0.21904971299227327,mlp_only_self_tuned,mlp_only,True,True,,0.7796609997749329,0.7297297120094299,64,2,0.5,0.01,0.0005,200,,,,,,,,,,,
prop_only,cornell,7,2,134402,True,,data/,/workspace/data/geom-gcn-splits-broad/cornell_split_0.6_0.2_7.npz,183,557,5,87,59,37,True,False,True,True,1.452081837982405,0.01736968499608338,1.4694515229784884,tuned_on_predictclass_then_reused,predictclass,True,True,,0.5084745762711864,0.5405405405405406,,,,,,,"[0.18042236687408403, -0.23901009862529632, 0.36091284652194616, 0.13631602106988633, 0.03095983584241666, 0.08612139017018404, 0.73945088341031, 1.1655687398037797]",,,,,,,,,,
selective_graph_correction,cornell,7,2,134402,True,,data/,/workspace/data/geom-gcn-splits-broad/cornell_split_0.6_0.2_7.npz,183,557,5,87,59,37,True,False,True,True,0.001391413010424003,0.006115078984294087,0.00750649199471809,validation_selected_threshold_and_weights,selective_graph_correction,True,True,mlp_only,0.7796610169491526,0.7297297297297297,,,,,,,,0.05,"{'b1': 1.0, 'b2': 0.6, 'b3': 0.0, 'b4': 0.5, 'b5': 0.3}",0.0,0.0,0.7297297297297297,,False,5,0.00750649199471809,logs/cornell_selective_graph_correction_split7_rep2.json
mlp_only,cornell,8,0,134500,True,,data/,/workspace/data/geom-gcn-splits-broad/cornell_split_0.6_0.2_8.npz,183,557,5,87,59,37,True,False,True,True,0.236478744976921,8.849299047142267e-05,0.23656723796739243,mlp_only_self_tuned,mlp_only,True,True,,0.7457627058029175,0.7837837934494019,64,2,0.5,0.01,0.0005,200,,,,,,,,,,,
prop_only,cornell,8,0,134500,True,,data/,/workspace/data/geom-gcn-splits-broad/cornell_split_0.6_0.2_8.npz,183,557,5,87,59,37,True,False,True,True,1.5619371139910072,0.01799335499526933,1.5799304689862765,tuned_on_predictclass_then_reused,predictclass,True,True,,0.559322033898305,0.35135135135135137,,,,,,,"[0.49562040083368203, -0.20887997863400487, 0.10890359255267656, 0.4956450976751687, 0.13137902570539378, 0.05138345585599108, 0.8514410254437442, 1.3512856340010757]",,,,,,,,,,
selective_graph_correction,cornell,8,0,134500,True,,data/,/workspace/data/geom-gcn-splits-broad/cornell_split_0.6_0.2_8.npz,183,557,5,87,59,37,True,False,True,True,0.001255807001143694,0.00553617300465703,0.006791980005800724,validation_selected_threshold_and_weights,selective_graph_correction,True,True,mlp_only,0.7457627118644068,0.7567567567567568,,,,,,,,0.05,"{'b1': 1.0, 'b2': 0.6, 'b3': 0.0, 'b4': 0.5, 'b5': 0.3}",0.02702702702702703,0.02702702702702703,0.7777777777777778,0.0,False,5,0.006791980005800724,logs/cornell_selective_graph_correction_split8_rep0.json
mlp_only,cornell,8,1,134501,True,,data/,/workspace/data/geom-gcn-splits-broad/cornell_split_0.6_0.2_8.npz,183,557,5,87,59,37,True,False,True,True,0.23577493499033153,9.985800716094673e-05,0.23587479299749248,mlp_only_self_tuned,mlp_only,True,True,,0.8135592937469482,0.7567567825317383,64,2,0.5,0.01,0.0005,200,,,,,,,,,,,
prop_only,cornell,8,1,134501,True,,data/,/workspace/data/geom-gcn-splits-broad/cornell_split_0.6_0.2_8.npz,183,557,5,87,59,37,True,False,True,True,1.4395585230085999,0.015877945988904685,1.4554364689975046,tuned_on_predictclass_then_reused,predictclass,True,True,,0.5932203389830508,0.32432432432432434,,,,,,,"[0.08749918879533175, -0.41717013370465067, 0.4831773349883051, 0.023709136685106103, 0.2343215350605384, 0.02268075078744849, 0.8963961896937818, 1.021356278060142]",,,,,,,,,,
selective_graph_correction,cornell,8,1,134501,True,,data/,/workspace/data/geom-gcn-splits-broad/cornell_split_0.6_0.2_8.npz,183,557,5,87,59,37,True,False,True,True,0.0012072639947291464,0.005296039977110922,0.006503303971840069,validation_selected_threshold_and_weights,selective_graph_correction,True,True,mlp_only,0.7966101694915254,0.7567567567567568,,,,,,,,0.05,"{'b1': 1.0, 'b2': 0.6, 'b3': 0.0, 'b4': 0.5, 'b5': 0.3}",0.05405405405405406,0.02702702702702703,0.8,0.0,False,5,0.006503303971840069,logs/cornell_selective_graph_correction_split8_rep1.json
mlp_only,cornell,8,2,134502,True,,data/,/workspace/data/geom-gcn-splits-broad/cornell_split_0.6_0.2_8.npz,183,557,5,87,59,37,True,False,True,True,0.22347604998503812,7.91469938121736e-05,0.2235551969788503,mlp_only_self_tuned,mlp_only,True,True,,0.7627118825912476,0.7297297120094299,64,2,0.5,0.01,0.0005,200,,,,,,,,,,,
prop_only,cornell,8,2,134502,True,,data/,/workspace/data/geom-gcn-splits-broad/cornell_split_0.6_0.2_8.npz,183,557,5,87,59,37,True,False,True,True,1.4400695569929667,0.016259035997791216,1.456328592990758,tuned_on_predictclass_then_reused,predictclass,True,True,,0.559322033898305,0.35135135135135137,,,,,,,"[0.43937560730666525, -0.12453643210536952, 0.2657663429576971, 0.4663107254479884, 0.2897820092457106, 0.029856740200093913, 0.5392210473779966, 1.233179010737289]",,,,,,,,,,
selective_graph_correction,cornell,8,2,134502,True,,data/,/workspace/data/geom-gcn-splits-broad/cornell_split_0.6_0.2_8.npz,183,557,5,87,59,37,True,False,True,True,0.0012081610038876534,0.005321331962477416,0.006529492966365069,validation_selected_threshold_and_weights,selective_graph_correction,True,True,mlp_only,0.7457627118644068,0.7027027027027027,,,,,,,,0.05,"{'b1': 1.0, 'b2': 0.6, 'b3': 0.0, 'b4': 0.5, 'b5': 0.3}",0.05405405405405406,0.02702702702702703,0.7142857142857143,0.5,False,5,0.006529492966365069,logs/cornell_selective_graph_correction_split8_rep2.json
mlp_only,cornell,9,0,134600,True,,data/,/workspace/data/geom-gcn-splits-broad/cornell_split_0.6_0.2_9.npz,183,557,5,87,59,37,True,False,True,True,0.22469729802105576,8.455599891021848e-05,0.22478185401996598,mlp_only_self_tuned,mlp_only,True,True,,0.7627118825912476,0.7297297120094299,64,2,0.5,0.01,0.0005,200,,,,,,,,,,,
prop_only,cornell,9,0,134600,True,,data/,/workspace/data/geom-gcn-splits-broad/cornell_split_0.6_0.2_9.npz,183,557,5,87,59,37,True,False,True,True,1.4323678330110852,0.016591591003816575,1.4489594240149017,tuned_on_predictclass_then_reused,predictclass,True,True,,0.576271186440678,0.4594594594594595,,,,,,,"[0.22225172856988656, -0.3539115808619324, 0.18385095739669904, 0.072467897270939, 0.10425473254163985, 0.06894841461912032, 0.4643333463593278, 0.6070613987323158]",,,,,,,,,,
selective_graph_correction,cornell,9,0,134600,True,,data/,/workspace/data/geom-gcn-splits-broad/cornell_split_0.6_0.2_9.npz,183,557,5,87,59,37,True,False,True,True,0.0011713300191331655,0.005298976990161464,0.006470307009294629,validation_selected_threshold_and_weights,selective_graph_correction,True,True,mlp_only,0.7627118644067796,0.7297297297297297,,,,,,,,0.05,"{'b1': 1.0, 'b2': 0.6, 'b3': 0.0, 'b4': 0.5, 'b5': 0.3}",0.05405405405405406,0.0,0.7714285714285715,0.0,False,5,0.006470307009294629,logs/cornell_selective_graph_correction_split9_rep0.json
mlp_only,cornell,9,1,134601,True,,data/,/workspace/data/geom-gcn-splits-broad/cornell_split_0.6_0.2_9.npz,183,557,5,87,59,37,True,False,True,True,0.21818592402269132,7.514501339755952e-05,0.21826106903608888,mlp_only_self_tuned,mlp_only,True,True,,0.7288135886192322,0.7027027010917664,64,2,0.5,0.01,0.0005,200,,,,,,,,,,,
prop_only,cornell,9,1,134601,True,,data/,/workspace/data/geom-gcn-splits-broad/cornell_split_0.6_0.2_9.npz,183,557,5,87,59,37,True,False,True,True,1.4396978380100336,0.016462341998703778,1.4561601800087374,tuned_on_predictclass_then_reused,predictclass,True,True,,0.5423728813559322,0.4594594594594595,,,,,,,"[0.28166257092033736, -0.04656175369586246, 0.06667356371027122, 0.35694918954661065, 0.17120514602994139, 0.06600874561413904, 0.8255365466404343, 1.3516182462615332]",,,,,,,,,,
selective_graph_correction,cornell,9,1,134601,True,,data/,/workspace/data/geom-gcn-splits-broad/cornell_split_0.6_0.2_9.npz,183,557,5,87,59,37,True,False,True,True,0.0011575949902180582,0.005278728989651427,0.006436323979869485,validation_selected_threshold_and_weights,selective_graph_correction,True,True,mlp_only,0.7288135593220338,0.7027027027027027,,,,,,,,0.05,"{'b1': 1.0, 'b2': 0.6, 'b3': 0.0, 'b4': 0.5, 'b5': 0.3}",0.0,0.0,0.7027027027027027,,False,5,0.006436323979869485,logs/cornell_selective_graph_correction_split9_rep1.json
mlp_only,cornell,9,2,134602,True,,data/,/workspace/data/geom-gcn-splits-broad/cornell_split_0.6_0.2_9.npz,183,557,5,87,59,37,True,False,True,True,0.21799952801666223,7.509099668823183e-05,0.21807461901335046,mlp_only_self_tuned,mlp_only,True,True,,0.7457627058029175,0.7297297120094299,64,2,0.5,0.01,0.0005,200,,,,,,,,,,,
prop_only,cornell,9,2,134602,True,,data/,/workspace/data/geom-gcn-splits-broad/cornell_split_0.6_0.2_9.npz,183,557,5,87,59,37,True,False,True,True,1.4138987180194817,0.015306226996472105,1.4292049450159539,tuned_on_predictclass_then_reused,predictclass,True,True,,0.6101694915254238,0.4864864864864865,,,,,,,"[0.4433420113660722, -0.11923898660925591, 0.3097839240895729, 0.01843977731279095, 0.09059977296100258, 0.002035592967219535, 0.8843705632944314, 0.9831757018606325]",,,,,,,,,,
selective_graph_correction,cornell,9,2,134602,True,,data/,/workspace/data/geom-gcn-splits-broad/cornell_split_0.6_0.2_9.npz,183,557,5,87,59,37,True,False,True,True,0.0011488489981275052,0.005065420991741121,0.006214269989868626,validation_selected_threshold_and_weights,selective_graph_correction,True,True,mlp_only,0.7457627118644068,0.7297297297297297,,,,,,,,0.05,"{'b1': 1.0, 'b2': 0.6, 'b3': 0.0, 'b4': 0.5, 'b5': 0.3}",0.05405405405405406,0.0,0.7714285714285715,0.0,False,5,0.006214269989868626,logs/cornell_selective_graph_correction_split9_rep2.json
